{"$schema":"http://schema.management.azure.com/schemas/2015-01-01/deploymentTemplate.json#","contentVersion":"1.0.0.0","parameters":{"workspaceName":{"type":"string","metadata":"Workspace name","defaultValue":"t3-dw-synapse-prod"},"DwhServerless":{"type":"string"},"DWDataLake":{"type":"string"}},"variables":{"workspaceId":"[concat('Microsoft.Synapse/workspaces/', parameters('workspaceName'))]"},"resources":[{"name":"[concat(parameters('workspaceName'), '/Parquet Files')]","type":"Microsoft.Synapse/workspaces/pipelines","apiVersion":"2019-06-01-preview","properties":{"activities":[{"name":"Lookup Serverless Queries","type":"Lookup","dependsOn":[],"policy":{"timeout":"0.12:00:00","retry":0,"retryIntervalInSeconds":30,"secureOutput":false,"secureInput":false},"userProperties":[],"typeProperties":{"source":{"type":"SqlDWSource","sqlReaderQuery":"SELECT  TABLE_SCHEMA + '.' + TABLE_NAME as ServerlessView,\nLOWER(replace(TABLE_NAME, '_', '')) as FileName\nFROM        INFORMATION_SCHEMA.COLUMNS\nWHERE       TABLE_NAME LIKE '%zdk%'\ngroup by TABLE_SCHEMA + '.' + TABLE_NAME, LOWER(replace(TABLE_NAME, '_', ''))","queryTimeout":"02:00:00","partitionOption":"None"},"dataset":{"referenceName":"AzureSynapseServerless","type":"DatasetReference","parameters":{"DBName":"Trace3ServerlessDB"}},"firstRowOnly":false}},{"name":"ForEach Serverless Query","type":"ForEach","dependsOn":[{"activity":"Lookup Serverless Queries","dependencyConditions":["Succeeded"]}],"userProperties":[],"typeProperties":{"items":{"value":"@activity('Lookup Serverless Queries').output.value","type":"Expression"},"activities":[{"name":"Copy data Serverless to Data Lake","type":"Copy","dependsOn":[],"policy":{"timeout":"0.12:00:00","retry":0,"retryIntervalInSeconds":30,"secureOutput":false,"secureInput":false},"userProperties":[],"typeProperties":{"source":{"type":"SqlDWSource","sqlReaderQuery":{"value":"@concat('Select * from ', item().ServerlessView)","type":"Expression"},"queryTimeout":"02:00:00","partitionOption":"None"},"sink":{"type":"ParquetSink","storeSettings":{"type":"AzureBlobFSWriteSettings"},"formatSettings":{"type":"ParquetWriteSettings"}},"enableStaging":false,"translator":{"type":"TabularTranslator","typeConversion":true,"typeConversionSettings":{"allowDataTruncation":true,"treatBooleanAsNumber":false}}},"inputs":[{"referenceName":"AzureSynapseServerless","type":"DatasetReference","parameters":{"DBName":"Trace3ServerlessDB"}}],"outputs":[{"referenceName":"DataLakeParquet","type":"DatasetReference","parameters":{"FileSystem":{"value":"synapsedata","type":"Expression"},"Directory":{"value":"zendesk/@{item().FileName}/@{utcNow('yyyy-MM-dd')}","type":"Expression"},"FileName":{"value":"@{item().FileName}.parquet","type":"Expression"}}}]}]}}],"policy":{"elapsedTimeMetric":{}},"folder":{"name":"ZenDesk API"},"annotations":[],"lastPublishTime":"2023-06-30T12:15:33Z"},"dependsOn":["[concat(variables('workspaceId'), '/datasets/AzureSynapseServerless')]","[concat(variables('workspaceId'), '/datasets/DataLakeParquet')]"]},{"name":"[concat(parameters('workspaceName'), '/AzureSynapseServerless')]","type":"Microsoft.Synapse/workspaces/datasets","apiVersion":"2019-06-01-preview","properties":{"linkedServiceName":{"referenceName":"[parameters('DwhServerless')]","type":"LinkedServiceReference"},"parameters":{"DBName":{"type":"string"}},"annotations":[],"type":"AzureSqlDWTable","schema":[],"typeProperties":{}},"dependsOn":[]},{"name":"[concat(parameters('workspaceName'), '/DataLakeParquet')]","type":"Microsoft.Synapse/workspaces/datasets","apiVersion":"2019-06-01-preview","properties":{"linkedServiceName":{"referenceName":"[parameters('DWDataLake')]","type":"LinkedServiceReference"},"parameters":{"FileSystem":{"type":"string"},"Directory":{"type":"string"},"FileName":{"type":"string"}},"annotations":[],"type":"Parquet","typeProperties":{"location":{"type":"AzureBlobFSLocation","fileName":{"value":"@dataset().FileName","type":"Expression"},"folderPath":{"value":"@dataset().Directory","type":"Expression"},"fileSystem":{"value":"@dataset().FileSystem","type":"Expression"}},"compressionCodec":"snappy"},"schema":[]},"dependsOn":[]},{"name":"[concat(parameters('workspaceName'), '/default')]","type":"Microsoft.Synapse/workspaces/managedVirtualNetworks","apiVersion":"2019-06-01-preview","properties":{},"dependsOn":[]}]}