{"$schema":"http://schema.management.azure.com/schemas/2015-01-01/deploymentTemplate.json#","contentVersion":"1.0.0.0","parameters":{"workspaceName":{"type":"string","metadata":"Workspace name","defaultValue":"t3-dw-synapse-prod"},"DataWarehouseDB":{"type":"string"},"DWDataLake":{"type":"string"}},"variables":{"workspaceId":"[concat('Microsoft.Synapse/workspaces/', parameters('workspaceName'))]"},"resources":[{"name":"[concat(parameters('workspaceName'), '/ETL Control Table backup')]","type":"Microsoft.Synapse/workspaces/pipelines","apiVersion":"2019-06-01-preview","properties":{"activities":[{"name":"ETL Control Table Backup Copy","type":"Copy","dependsOn":[],"policy":{"timeout":"0.12:00:00","retry":0,"retryIntervalInSeconds":30,"secureOutput":false,"secureInput":false},"userProperties":[],"typeProperties":{"source":{"type":"SqlMISource","partitionOption":"None"},"sink":{"type":"ParquetSink","storeSettings":{"type":"AzureBlobFSWriteSettings"},"formatSettings":{"type":"ParquetWriteSettings"}},"enableStaging":false,"translator":{"type":"TabularTranslator","typeConversion":true,"typeConversionSettings":{"allowDataTruncation":true,"treatBooleanAsNumber":false}}},"inputs":[{"referenceName":"DataWarehouse","type":"DatasetReference","parameters":{"Table":"DFControlTable","Schema":"dbo"}}],"outputs":[{"referenceName":"DataLakeParquet","type":"DatasetReference","parameters":{"FileSystem":"synapsedata","Directory":"ETL Control Backup","FileName":"ETL Control File"}}]}],"policy":{"elapsedTimeMetric":{}},"annotations":[],"lastPublishTime":"2023-06-30T12:15:31Z"},"dependsOn":["[concat(variables('workspaceId'), '/datasets/DataWarehouse')]","[concat(variables('workspaceId'), '/datasets/DataLakeParquet')]"]},{"name":"[concat(parameters('workspaceName'), '/DataWarehouse')]","type":"Microsoft.Synapse/workspaces/datasets","apiVersion":"2019-06-01-preview","properties":{"linkedServiceName":{"referenceName":"[parameters('DataWarehouseDB')]","type":"LinkedServiceReference"},"parameters":{"Table":{"type":"string"},"Schema":{"type":"string"}},"annotations":[],"type":"AzureSqlMITable","schema":[],"typeProperties":{"schema":{"value":"@dataset().Schema","type":"Expression"},"table":{"value":"@dataset().table","type":"Expression"}}},"dependsOn":[]},{"name":"[concat(parameters('workspaceName'), '/DataLakeParquet')]","type":"Microsoft.Synapse/workspaces/datasets","apiVersion":"2019-06-01-preview","properties":{"linkedServiceName":{"referenceName":"[parameters('DWDataLake')]","type":"LinkedServiceReference"},"parameters":{"FileSystem":{"type":"string"},"Directory":{"type":"string"},"FileName":{"type":"string"}},"annotations":[],"type":"Parquet","typeProperties":{"location":{"type":"AzureBlobFSLocation","fileName":{"value":"@dataset().FileName","type":"Expression"},"folderPath":{"value":"@dataset().Directory","type":"Expression"},"fileSystem":{"value":"@dataset().FileSystem","type":"Expression"}},"compressionCodec":"snappy"},"schema":[]},"dependsOn":[]},{"name":"[concat(parameters('workspaceName'), '/default')]","type":"Microsoft.Synapse/workspaces/managedVirtualNetworks","apiVersion":"2019-06-01-preview","properties":{},"dependsOn":[]}]}