{"$schema":"http://schema.management.azure.com/schemas/2015-01-01/deploymentTemplate.json#","contentVersion":"1.0.0.0","parameters":{"workspaceName":{"type":"string","metadata":"Workspace name","defaultValue":"t3-dw-synapse-prod"},"DataWarehouseDB":{"type":"string"},"DwhServerless":{"type":"string"},"ZenDeskAPI":{"type":"string"},"DWDataLake":{"type":"string"},"t3dwhserverless":{"type":"string"}},"variables":{"workspaceId":"[concat('Microsoft.Synapse/workspaces/', parameters('workspaceName'))]"},"resources":[{"name":"[concat(parameters('workspaceName'), '/ZenDesk ETL')]","type":"Microsoft.Synapse/workspaces/pipelines","apiVersion":"2019-06-01-preview","properties":{"activities":[{"name":"0 ZenDesk API to Data Lake","type":"ExecutePipeline","dependsOn":[],"userProperties":[],"typeProperties":{"pipeline":{"referenceName":"0 ZenDesk API to Data Lake","type":"PipelineReference"},"waitOnCompletion":true,"parameters":{"FullLoadTicketComments":{"value":"@pipeline().parameters.FullLoadTicketComments","type":"Expression"}}}},{"name":"1 ZenDesk Data Lake to Staging","type":"ExecutePipeline","dependsOn":[{"activity":"0 ZenDesk API to Data Lake","dependencyConditions":["Completed"]}],"userProperties":[],"typeProperties":{"pipeline":{"referenceName":"1 ZenDesk Data Lake to Staging","type":"PipelineReference"},"waitOnCompletion":true,"parameters":{}}},{"name":"2 ZenDesk Data Warehouse Build","type":"ExecutePipeline","dependsOn":[{"activity":"1 ZenDesk Data Lake to Staging","dependencyConditions":["Completed"]}],"userProperties":[],"typeProperties":{"pipeline":{"referenceName":"2 ZenDesk Data Warehouse Build","type":"PipelineReference"},"waitOnCompletion":true,"parameters":{}}}],"policy":{"elapsedTimeMetric":{}},"parameters":{"FullLoadTicketComments":{"type":"int","defaultValue":0}},"folder":{"name":"ZenDesk API"},"annotations":[],"lastPublishTime":"2023-06-30T12:15:31Z"},"dependsOn":["[concat(variables('workspaceId'), '/pipelines/0 ZenDesk API to Data Lake')]","[concat(variables('workspaceId'), '/pipelines/1 ZenDesk Data Lake to Staging')]","[concat(variables('workspaceId'), '/pipelines/2 ZenDesk Data Warehouse Build')]"]},{"name":"[concat(parameters('workspaceName'), '/0 ZenDesk API to Data Lake')]","type":"Microsoft.Synapse/workspaces/pipelines","apiVersion":"2019-06-01-preview","properties":{"activities":[{"name":"Set StartTime","type":"SetVariable","dependsOn":[],"policy":{"secureOutput":false,"secureInput":false},"userProperties":[],"typeProperties":{"variableName":"StartTime","value":{"value":"@utcNow('yyyy-MM-dd hh:mm:ss')","type":"Expression"}}},{"name":"Lookup Endpoints","description":"Lookup existing Endpoints in ZenDesk and source them.\n\nNote** We are filtering multiple endpoints due to many different reasons.\n1.) The list of URLs in the query underneath settings are filtered because the username and password for the account does not have access to reference this endpoint.\n\n2.) Filtering only request methods that are GET.\n\n3.) Filtering out endpoints that require parameters/variables\n   Will need to re-evaluate if these are required later. \n   Some of them seem specific to a ticket as opposed to a full list.\n\n","type":"Lookup","dependsOn":[{"activity":"Set StartTime","dependencyConditions":["Succeeded"]}],"policy":{"timeout":"0.12:00:00","retry":1,"retryIntervalInSeconds":30,"secureOutput":false,"secureInput":false},"userProperties":[],"typeProperties":{"source":{"type":"SqlDWSource","sqlReaderQuery":"Select \na.APIURLEndpoints,\na.IsURLParameterized, \nLOWER(replace(a.EndPointName, ' ', '')) as EndPointName\n from [Trace3ServerlessDB].stg.v_s_zdk_APIEndPoints a\n where a.IsURLParameterized = 0 and a.IsRestricted = 0\nand a.EndPointName in (\n'List Users',\n'List Tickets',\n'List Ticket Metrics',\n'List Ticket Forms',\n'List Ticket Fields',\n'List Groups',\n'List Custom Ticket Statuses'\n)\n","queryTimeout":"02:00:00","partitionOption":"None"},"dataset":{"referenceName":"AzureSynapseServerless","type":"DatasetReference","parameters":{"DBName":"Trace3ServerlessDB"}},"firstRowOnly":false}},{"name":"ForEach zendesk Endpoint","type":"ForEach","dependsOn":[{"activity":"Lookup Endpoints","dependencyConditions":["Succeeded"]}],"userProperties":[],"typeProperties":{"items":{"value":"@activity('Lookup Endpoints').output.value","type":"Expression"},"activities":[{"name":"Set staging copy start time","type":"SetVariable","dependsOn":[],"policy":{"secureOutput":false,"secureInput":false},"userProperties":[],"typeProperties":{"variableName":"StartTime","value":{"value":"@utcNow('yyyy-MM-dd hh:mm:ss')","type":"Expression"}}},{"name":"Copy Data from API to Data Lake","type":"Copy","dependsOn":[{"activity":"Set staging copy start time","dependencyConditions":["Succeeded"]}],"policy":{"timeout":"0.12:00:00","retry":1,"retryIntervalInSeconds":30,"secureOutput":false,"secureInput":false},"userProperties":[],"typeProperties":{"source":{"type":"RestSource","httpRequestTimeout":"00:01:40","requestInterval":"00.00:00:00.010","requestMethod":"GET","additionalHeaders":{"Accept":"application/json"},"paginationRules":{"supportRFC5988":"true","AbsoluteUrl":"$.next_page"}},"sink":{"type":"JsonSink","storeSettings":{"type":"AzureBlobFSWriteSettings"},"formatSettings":{"type":"JsonWriteSettings","filePattern":"setOfObjects"}},"enableStaging":false},"inputs":[{"referenceName":"ZenDesk","type":"DatasetReference","parameters":{"URL":{"value":"@item().APIURLEndpoints","type":"Expression"}}}],"outputs":[{"referenceName":"DataLakeJSON","type":"DatasetReference","parameters":{"FileSystem":"synapsedata","Directory":{"value":"zendesk/@{item().EndPointName}/@{utcNow('yyyy-MM-dd')}","type":"Expression"},"FileName":{"value":"@{item().EndPointName}.json","type":"Expression"}}}]}]}},{"name":"Lookup Ticket Numbers","description":"","type":"Lookup","dependsOn":[{"activity":"ForEach zendesk Endpoint","dependencyConditions":["Succeeded"]}],"policy":{"timeout":"0.12:00:00","retry":0,"retryIntervalInSeconds":30,"secureOutput":false,"secureInput":false},"userProperties":[],"typeProperties":{"source":{"type":"SqlDWSource","sqlReaderQuery":{"value":"Select t.[Ticket_id]\nfrom [stg].[v_s_zdk_tickets] t\nWHERE CAST(updated_at AS datetime) >= DATEADD(hour, -48, GETUTCDATE())\n    OR @{pipeline().parameters.FullLoadTicketComments}=1","type":"Expression"},"queryTimeout":"02:00:00","partitionOption":"None"},"dataset":{"referenceName":"AzureSynapseServerless","type":"DatasetReference","parameters":{"DBName":"Trace3ServerlessDB"}},"firstRowOnly":false}},{"name":"ForEach Ticket - Comments","type":"ForEach","dependsOn":[{"activity":"Lookup Ticket Numbers","dependencyConditions":["Succeeded"]}],"userProperties":[],"typeProperties":{"items":{"value":"@activity('Lookup Ticket Numbers').output.value","type":"Expression"},"batchCount":8,"activities":[{"name":"Copy TicketComment Data","type":"Copy","dependsOn":[],"policy":{"timeout":"0.12:00:00","retry":0,"retryIntervalInSeconds":30,"secureOutput":false,"secureInput":false},"userProperties":[],"typeProperties":{"source":{"type":"RestSource","httpRequestTimeout":"00:01:40","requestInterval":"00.00:00:00.010","requestMethod":"GET","paginationRules":{"supportRFC5988":"true","AbsoluteUrl":"$.next_page"}},"sink":{"type":"JsonSink","storeSettings":{"type":"AzureBlobFSWriteSettings"},"formatSettings":{"type":"JsonWriteSettings"}},"enableStaging":false},"inputs":[{"referenceName":"ZenDesk","type":"DatasetReference","parameters":{"URL":{"value":"https://Trace3.zendesk.com/api/v2/tickets/@{item().Ticket_id}/comments","type":"Expression"}}}],"outputs":[{"referenceName":"DataLakeJSON","type":"DatasetReference","parameters":{"FileSystem":"synapsedata","Directory":{"value":"zendesk/TicketComments/@{utcNow('yyyy-MM-dd')}","type":"Expression"},"FileName":{"value":"@{item().Ticket_id}.json","type":"Expression"}}}]}]}}],"policy":{"elapsedTimeMetric":{}},"parameters":{"FullLoadTicketComments":{"type":"int","defaultValue":0}},"variables":{"StartTime":{"type":"String"},"domain":{"type":"String","defaultValue":"zendesk"},"subdomain":{"type":"String","defaultValue":"Trace3"},"baseUrl":{"type":"String","defaultValue":"https://Trace3.zendesk.com"}},"folder":{"name":"ZenDesk API"},"annotations":[],"lastPublishTime":"2023-06-30T12:15:31Z"},"dependsOn":["[concat(variables('workspaceId'), '/datasets/AzureSynapseServerless')]","[concat(variables('workspaceId'), '/datasets/ZenDesk')]","[concat(variables('workspaceId'), '/datasets/DataLakeJSON')]"]},{"name":"[concat(parameters('workspaceName'), '/1 ZenDesk Data Lake to Staging')]","type":"Microsoft.Synapse/workspaces/pipelines","apiVersion":"2019-06-01-preview","properties":{"activities":[{"name":"Lookup ZenDesk Serverless Views","type":"Lookup","dependsOn":[],"policy":{"timeout":"0.12:00:00","retry":0,"retryIntervalInSeconds":30,"secureOutput":false,"secureInput":false},"userProperties":[],"typeProperties":{"source":{"type":"SqlMISource","sqlReaderQuery":"SELECT  [Id]\n      ,[SourceName]\n      ,[DestSchema]\n      ,[DestTable]\n      ,[SourceTable]\n      ,[SourceQuery]\n      ,[IsActive]\n      ,[IsDelta]\n      ,[DeltaColumn]\n      ,[DeltaValue]\n      ,[TransformSproc]\n      ,[Sequence]\n      ,[SourceCheckSumQuery]\n      ,[DestCheckSumQuery]\n      ,[Comment]\n  FROM [dbo].[DFControlTable]\nwhere [Sequence] = 100","partitionOption":"None"},"dataset":{"referenceName":"DataWarehouse","type":"DatasetReference","parameters":{"Table":"DFControlTable","Schema":"dbo"}},"firstRowOnly":false}},{"name":"ForEach ZenDesk view","type":"ForEach","dependsOn":[{"activity":"Lookup ZenDesk Serverless Views","dependencyConditions":["Succeeded"]}],"userProperties":[],"typeProperties":{"items":{"value":"@activity('Lookup ZenDesk Serverless Views').output.value","type":"Expression"},"activities":[{"name":"Copy Serverless to Warehouse","type":"Copy","dependsOn":[],"policy":{"timeout":"0.12:00:00","retry":0,"retryIntervalInSeconds":30,"secureOutput":false,"secureInput":false},"userProperties":[],"typeProperties":{"source":{"type":"AzureSqlSource","additionalColumns":[{"name":"ETLImportDate","value":{"value":"@utcNow('yyyy-MM-dd')","type":"Expression"}}],"sqlReaderQuery":{"value":"@item().SourceQuery","type":"Expression"},"queryTimeout":"02:00:00","partitionOption":"None"},"sink":{"type":"SqlMISink","preCopyScript":{"value":"TRUNCATE TABLE @{item().DestSchema}.@{item().DestTable}","type":"Expression"},"writeBehavior":"insert","sqlWriterUseTableLock":false},"enableStaging":false,"translator":{"type":"TabularTranslator","typeConversion":true,"typeConversionSettings":{"allowDataTruncation":true,"treatBooleanAsNumber":false}}},"inputs":[{"referenceName":"T3dwhserverless","type":"DatasetReference","parameters":{}}],"outputs":[{"referenceName":"DataWarehouse","type":"DatasetReference","parameters":{"Table":{"value":"@item().DestTable","type":"Expression"},"Schema":{"value":"zendesk","type":"Expression"}}}]}]}},{"name":"Staging Sproc Loookup","description":"Queries the control table to identify staging tables that are active and have stored procedures to push records from stg to psa tables.","type":"Lookup","dependsOn":[{"activity":"ForEach ZenDesk view","dependencyConditions":["Succeeded"]}],"policy":{"timeout":"0.12:00:00","retry":0,"retryIntervalInSeconds":30,"secureOutput":false,"secureInput":false},"userProperties":[],"typeProperties":{"source":{"type":"SqlMISource","sqlReaderQuery":"SELECT  [Id]\n      ,[SourceName]\n      ,[DestSchema]\n      ,[DestTable]\n      ,[SourceTable]\n      ,[SourceQuery]\n      ,[IsActive]\n      ,[IsDelta]\n      ,[DeltaColumn]\n      ,[DeltaValue]\n      ,[TransformSproc]\n      ,[Sequence]\n      ,[SourceCheckSumQuery]\n      ,[DestCheckSumQuery]\n      ,[Comment]\n  FROM [dbo].[DFControlTable]","partitionOption":"None"},"dataset":{"referenceName":"DataWarehouse","type":"DatasetReference","parameters":{"Table":"DFControlTable","Schema":"dbo"}},"firstRowOnly":false}},{"name":"Execute Staging Sprocs","type":"ForEach","dependsOn":[{"activity":"Staging Sproc Loookup","dependencyConditions":["Succeeded"]}],"userProperties":[],"typeProperties":{"items":{"value":"@activity('Staging Sproc Loookup').output.value","type":"Expression"},"activities":[{"name":"Execute Staging Sproc","description":"Executes stored procedures for staging sequence rows of the control table.","type":"SqlServerStoredProcedure","dependsOn":[],"policy":{"timeout":"0.12:00:00","retry":0,"retryIntervalInSeconds":30,"secureOutput":false,"secureInput":false},"userProperties":[],"typeProperties":{"storedProcedureName":{"value":"@item().TransformSproc","type":"Expression"}},"linkedServiceName":{"referenceName":"[parameters('DataWarehouseDB')]","type":"LinkedServiceReference"}}]}}],"policy":{"elapsedTimeMetric":{}},"folder":{"name":"ZenDesk API"},"annotations":[],"lastPublishTime":"2023-06-30T12:15:33Z"},"dependsOn":["[concat(variables('workspaceId'), '/datasets/DataWarehouse')]","[concat(variables('workspaceId'), '/datasets/T3dwhserverless')]"]},{"name":"[concat(parameters('workspaceName'), '/2 ZenDesk Data Warehouse Build')]","type":"Microsoft.Synapse/workspaces/pipelines","apiVersion":"2019-06-01-preview","properties":{"activities":[{"name":"Dimension Procedure Lookup","description":"Queries the control table to identify active dimension tables (sequence = 300) and their associated transform procedures.","type":"Lookup","dependsOn":[],"policy":{"timeout":"0.12:00:00","retry":0,"retryIntervalInSeconds":30,"secureOutput":false,"secureInput":false},"userProperties":[],"typeProperties":{"source":{"type":"SqlMISource","sqlReaderQuery":"SELECT  [Id]\n      ,[SourceName]\n      ,[DestSchema]\n      ,[DestTable]\n      ,[SourceTable]\n      ,[SourceQuery]\n      ,[IsActive]\n      ,[IsDelta]\n      ,[DeltaColumn]\n      ,[DeltaValue]\n      ,[TransformSproc]\n      ,[Sequence]\n      ,[SourceCheckSumQuery]\n      ,[DestCheckSumQuery]\n      ,[Comment]\n  FROM [dbo].[DFControlTable]\n  where [Sequence] = 300","partitionOption":"None"},"dataset":{"referenceName":"DataWarehouse","type":"DatasetReference","parameters":{"Table":"DFControlTable","Schema":"dbo"}},"firstRowOnly":false}},{"name":"Fact Procedure Lookup","description":"Queries the control table to identify active fact tables (sequence = 400) and their associated transform procedures.","type":"Lookup","dependsOn":[{"activity":"Create Each Dimension","dependencyConditions":["Succeeded"]}],"policy":{"timeout":"0.12:00:00","retry":0,"retryIntervalInSeconds":30,"secureOutput":false,"secureInput":false},"userProperties":[],"typeProperties":{"source":{"type":"SqlMISource","sqlReaderQuery":"SELECT  [Id]\n      ,[SourceName]\n      ,[DestSchema]\n      ,[DestTable]\n      ,[SourceTable]\n      ,[SourceQuery]\n      ,[IsActive]\n      ,[IsDelta]\n      ,[DeltaColumn]\n      ,[DeltaValue]\n      ,[TransformSproc]\n      ,[Sequence]\n      ,[SourceCheckSumQuery]\n      ,[DestCheckSumQuery]\n      ,[Comment]\n  FROM [dbo].[DFControlTable]\n  where [Sequence] = 400","partitionOption":"None"},"dataset":{"referenceName":"DataWarehouse","type":"DatasetReference","parameters":{"Table":"DFControlTable","Schema":"dbo"}},"firstRowOnly":false}},{"name":"Create Each Dimension","description":"Executes upsert procedures for each table identified in the lookup activity","type":"ForEach","dependsOn":[{"activity":"Dimension Procedure Lookup","dependencyConditions":["Succeeded"]}],"userProperties":[],"typeProperties":{"items":{"value":"@activity('Dimension Procedure Lookup').output.value","type":"Expression"},"activities":[{"name":"Execute Dimension Sproc","type":"SqlServerStoredProcedure","dependsOn":[],"policy":{"timeout":"0.12:00:00","retry":0,"retryIntervalInSeconds":30,"secureOutput":false,"secureInput":false},"userProperties":[],"typeProperties":{"storedProcedureName":{"value":"@item().TransformSproc","type":"Expression"}},"linkedServiceName":{"referenceName":"[parameters('DataWarehouseDB')]","type":"LinkedServiceReference"}}]}},{"name":"Create Each Fact","description":"Executes upsert procedures for each table identified in the lookup activity","type":"ForEach","dependsOn":[{"activity":"Fact Procedure Lookup","dependencyConditions":["Succeeded"]}],"userProperties":[],"typeProperties":{"items":{"value":"@activity('Fact Procedure Lookup').output.value","type":"Expression"},"activities":[{"name":"Execute fact Sproc","type":"SqlServerStoredProcedure","dependsOn":[],"policy":{"timeout":"0.12:00:00","retry":0,"retryIntervalInSeconds":30,"secureOutput":false,"secureInput":false},"userProperties":[],"typeProperties":{"storedProcedureName":{"value":"@item().TransformSproc","type":"Expression"}},"linkedServiceName":{"referenceName":"[parameters('DataWarehouseDB')]","type":"LinkedServiceReference"}}]}},{"name":"Lookup ZenDesk staging tables","type":"Lookup","dependsOn":[{"activity":"Create Each Fact","dependencyConditions":["Succeeded"]}],"policy":{"timeout":"0.12:00:00","retry":0,"retryIntervalInSeconds":30,"secureOutput":false,"secureInput":false},"userProperties":[],"typeProperties":{"source":{"type":"SqlMISource","sqlReaderQuery":"SELECT\n\t [SourceTable]\n\t,[DestSchema]\n\t,[DestTable]\n\t,[Sequence]\nFROM [dbo].[DFControlTable]\nWHERE [DestSchema] = 'zendesk'\n  \tAND [SourceTable] IS NOT NULL\n  \tAND [IsActive] = 1\nand [Sequence] = 100","partitionOption":"None"},"dataset":{"referenceName":"DataWarehouse","type":"DatasetReference","parameters":{"Table":"DFControlTable","Schema":"dbo"}},"firstRowOnly":false}},{"name":"Update IsInDwh","type":"ForEach","dependsOn":[{"activity":"Lookup ZenDesk staging tables","dependencyConditions":["Succeeded"]}],"userProperties":[],"typeProperties":{"items":{"value":"@activity('Lookup ZenDesk staging tables').output.value","type":"Expression"},"activities":[{"name":"Update IsInDWH Flag","type":"SqlServerStoredProcedure","dependsOn":[],"policy":{"timeout":"0.12:00:00","retry":0,"retryIntervalInSeconds":30,"secureOutput":false,"secureInput":false},"userProperties":[],"typeProperties":{"storedProcedureName":"zendesk.upd_IsInDWH","storedProcedureParameters":{"PSATable":{"value":{"value":"@item().DestTable","type":"Expression"}}}},"linkedServiceName":{"referenceName":"[parameters('DataWarehouseDB')]","type":"LinkedServiceReference"}}]}}],"policy":{"elapsedTimeMetric":{}},"folder":{"name":"ZenDesk API"},"annotations":[],"lastPublishTime":"2023-06-30T12:15:32Z"},"dependsOn":["[concat(variables('workspaceId'), '/datasets/DataWarehouse')]"]},{"name":"[concat(parameters('workspaceName'), '/AzureSynapseServerless')]","type":"Microsoft.Synapse/workspaces/datasets","apiVersion":"2019-06-01-preview","properties":{"linkedServiceName":{"referenceName":"[parameters('DwhServerless')]","type":"LinkedServiceReference"},"parameters":{"DBName":{"type":"string"}},"annotations":[],"type":"AzureSqlDWTable","schema":[],"typeProperties":{}},"dependsOn":[]},{"name":"[concat(parameters('workspaceName'), '/DataWarehouse')]","type":"Microsoft.Synapse/workspaces/datasets","apiVersion":"2019-06-01-preview","properties":{"linkedServiceName":{"referenceName":"[parameters('DataWarehouseDB')]","type":"LinkedServiceReference"},"parameters":{"Table":{"type":"string"},"Schema":{"type":"string"}},"annotations":[],"type":"AzureSqlMITable","schema":[],"typeProperties":{"schema":{"value":"@dataset().Schema","type":"Expression"},"table":{"value":"@dataset().table","type":"Expression"}}},"dependsOn":[]},{"name":"[concat(parameters('workspaceName'), '/ZenDesk')]","type":"Microsoft.Synapse/workspaces/datasets","apiVersion":"2019-06-01-preview","properties":{"linkedServiceName":{"referenceName":"[parameters('ZenDeskAPI')]","type":"LinkedServiceReference"},"parameters":{"URL":{"type":"string"}},"annotations":[],"type":"RestResource","typeProperties":{"relativeUrl":{"value":"@dataset().URL","type":"Expression"}},"schema":[]},"dependsOn":[]},{"name":"[concat(parameters('workspaceName'), '/DataLakeJSON')]","type":"Microsoft.Synapse/workspaces/datasets","apiVersion":"2019-06-01-preview","properties":{"linkedServiceName":{"referenceName":"[parameters('DWDataLake')]","type":"LinkedServiceReference"},"parameters":{"FileSystem":{"type":"string"},"Directory":{"type":"string"},"FileName":{"type":"string"}},"annotations":[],"type":"Json","typeProperties":{"location":{"type":"AzureBlobFSLocation","fileName":{"value":"@dataset().FileName","type":"Expression"},"folderPath":{"value":"@dataset().Directory","type":"Expression"},"fileSystem":{"value":"@dataset().FileSystem","type":"Expression"}}},"schema":{}},"dependsOn":[]},{"name":"[concat(parameters('workspaceName'), '/T3dwhserverless')]","type":"Microsoft.Synapse/workspaces/datasets","apiVersion":"2019-06-01-preview","properties":{"linkedServiceName":{"referenceName":"[parameters('t3dwhserverless')]","type":"LinkedServiceReference"},"annotations":[],"type":"AzureSqlTable","schema":[],"typeProperties":{}},"dependsOn":[]},{"name":"[concat(parameters('workspaceName'), '/default')]","type":"Microsoft.Synapse/workspaces/managedVirtualNetworks","apiVersion":"2019-06-01-preview","properties":{},"dependsOn":[]}]}