{"$schema":"http://schema.management.azure.com/schemas/2015-01-01/deploymentTemplate.json#","contentVersion":"1.0.0.0","parameters":{"workspaceName":{"type":"string","metadata":"Workspace name","defaultValue":"bmi-tmp-syn-prod"},"dwh_sdb":{"type":"string"},"ClientSource":{"type":"string"},"dwh":{"type":"string"}},"variables":{"workspaceId":"[concat('Microsoft.Synapse/workspaces/', parameters('workspaceName'))]"},"resources":[{"name":"[concat(parameters('workspaceName'), '/Master Pipeline - sdb')]","type":"Microsoft.Synapse/workspaces/pipelines","apiVersion":"2019-06-01-preview","properties":{"description":"Executes all related pipelines for ETL transformation","activities":[{"name":"Execute Staging Pipeline","description":"Executes the Staging pipeline which retrieves data from the source in both Delta, and full load forms. It also runs PSA transform/delete procedures and checksums for validation. ","type":"ExecutePipeline","dependsOn":[],"userProperties":[],"typeProperties":{"pipeline":{"referenceName":"1 Source to Staging - sdb","type":"PipelineReference"},"waitOnCompletion":true,"parameters":{}}},{"name":"Execute Build DW Pipeline","description":"Executes the Build DW pipeline which executes [etl].[create_<tableName>] procedures in the data warehouse. Dimension tables are built first, followed by fact tables.","type":"ExecutePipeline","dependsOn":[{"activity":"Execute Staging Pipeline","dependencyConditions":["Succeeded"]}],"userProperties":[],"typeProperties":{"pipeline":{"referenceName":"2 Data Warehouse Build - sdb","type":"PipelineReference"},"waitOnCompletion":true,"parameters":{}}},{"name":"Execute Update DW Documentation","description":"This pipeline updates all DW documentation which is utilized in the power BI DW Documentation report.","type":"ExecutePipeline","dependsOn":[{"activity":"Execute Build DW Pipeline","dependencyConditions":["Succeeded"]}],"userProperties":[],"typeProperties":{"pipeline":{"referenceName":"Update DW Documentation","type":"PipelineReference"},"waitOnCompletion":true,"parameters":{}}},{"name":"Execute Rebuild Indexes","description":"The pipeline rebuilds overly fragmented indexes in the data warehouse.","type":"ExecutePipeline","dependsOn":[{"activity":"Execute Update DW Documentation","dependencyConditions":["Completed"]}],"userProperties":[],"typeProperties":{"pipeline":{"referenceName":"Rebuild Indexes","type":"PipelineReference"},"waitOnCompletion":false,"parameters":{}}}],"policy":{"elapsedTimeMetric":{}},"variables":{"StartTime":{"type":"String"}},"folder":{"name":"Azure SQL DB Pipeline Template"},"annotations":[]},"dependsOn":["[concat(variables('workspaceId'), '/pipelines/1 Source to Staging - sdb')]","[concat(variables('workspaceId'), '/pipelines/2 Data Warehouse Build - sdb')]","[concat(variables('workspaceId'), '/pipelines/Update DW Documentation')]","[concat(variables('workspaceId'), '/pipelines/Rebuild Indexes')]"]},{"name":"[concat(parameters('workspaceName'), '/1 Source to Staging - sdb')]","type":"Microsoft.Synapse/workspaces/pipelines","apiVersion":"2019-06-01-preview","properties":{"description":"Executes all actions associated with Staging data up to the PSA layer","activities":[{"name":"Staging Table Lookup","description":"Queries the control table to identify all staging tables that are active.","type":"Lookup","dependsOn":[],"policy":{"timeout":"0.12:00:00","retry":2,"retryIntervalInSeconds":30,"secureOutput":false,"secureInput":false},"userProperties":[],"typeProperties":{"source":{"type":"AzureSqlSource","sqlReaderQuery":"SELECT\n    [SourceName]\n   ,[SourceTable]\n   ,[DestSchema]\n   ,[DestTable]\n   , CASE \n\t   WHEN [IsDelta] = 1 THEN [SourceQuery] + ' WHERE ' + [DeltaColumn] + ' >= ''' + [DeltaValue] + '''' ELSE [SourceQuery] END AS [SourceQuery]\n   ,[DeltaColumn]\n   ,[DeltaValue]\nFROM [etl].[ControlTable]\nWHERE [IsActive] = 1\n    AND [Sequence] = 100 \n    AND [SourceQuery] IS NOT NULL","queryTimeout":"02:00:00","partitionOption":"None"},"dataset":{"referenceName":"ControlTable_sdb","type":"DatasetReference","parameters":{}},"firstRowOnly":false}},{"name":"Data Warehouse Staging","description":"Copies data from the source into the data warehouse for each table identified in the lookup activity.\n\nSource table, destination table, and SQL query data is stored in the control table and returned as part of the lookup.","type":"ForEach","dependsOn":[{"activity":"Staging Table Lookup","dependencyConditions":["Succeeded"]}],"userProperties":[],"typeProperties":{"items":{"value":"@activity('Staging Table Lookup').output.value","type":"Expression"},"activities":[{"name":"Full Table Copy","description":"Truncates & loads the data from the source into the Data Warehouse stg tables","type":"Copy","dependsOn":[],"policy":{"timeout":"0.12:00:00","retry":2,"retryIntervalInSeconds":30,"secureOutput":false,"secureInput":false},"userProperties":[],"typeProperties":{"source":{"type":"AzureSqlSource","sqlReaderQuery":{"value":"@{item().SourceQuery}\n","type":"Expression"},"queryTimeout":"02:00:00","partitionOption":"None"},"sink":{"type":"AzureSqlSink","preCopyScript":{"value":"TRUNCATE TABLE @{item().DestSchema}.@{item().DestTable}","type":"Expression"},"disableMetricsCollection":false},"enableStaging":false,"translator":{"type":"TabularTranslator","typeConversion":true,"typeConversionSettings":{"allowDataTruncation":true,"treatBooleanAsNumber":false}}},"inputs":[{"referenceName":"SourceDatabase","type":"DatasetReference","parameters":{}}],"outputs":[{"referenceName":"DataWarehouse_sdb","type":"DatasetReference","parameters":{"Table":{"value":"@{item().DestTable}","type":"Expression"},"Schema":{"value":"@{item().DestSchema}","type":"Expression"}}}]},{"name":"Log Table Copy","type":"ExecutePipeline","dependsOn":[{"activity":"Full Table Copy","dependencyConditions":["Completed"]}],"userProperties":[],"typeProperties":{"pipeline":{"referenceName":"Add Log Message-sdb","type":"PipelineReference"},"waitOnCompletion":true,"parameters":{"End":{"value":"@activity('Staging Table Lookup').ExecutionEndTime","type":"Expression"},"ETLImportDate":{"value":"@convertTimeZone(utcNow(), 'UTC', 'Mountain Standard Time')","type":"Expression"},"JobName":{"value":"@pipeline().Pipeline","type":"Expression"},"Message":{"value":"@{activity('Full Table Copy').Error.Message}","type":"Expression"},"RowCount":{"value":"@if(\n    equals(activity('Full Table Copy').ExecutionStatus,'Fail')\n    ,0\n    ,activity('Full Table Copy').output.rowscopied\n)","type":"Expression"},"Source":{"value":"@{item().SourceSchema}.@{item().SourceTable}","type":"Expression"},"Start":{"value":"@activity('Staging Table Lookup').ExecutionStartTime","type":"Expression"},"StepName":{"value":"@activity('Full Table Copy').output.name","type":"Expression"},"Success":{"value":"@if(\n    equals(activity('Full Table Copy').ExecutionStatus,'Fail')\n    ,'False'\n    , 'True'\n)","type":"Expression"}}}}]}},{"name":"PSA Sproc Lookup","description":"Performs a lookup on the DFControlTable to identify stored procedures which will push records from STG to PSA, and which will execute deletes (hard or soft). Must be executed sequentially if any delete logic is included.","type":"Lookup","dependsOn":[{"activity":"Data Warehouse Staging","dependencyConditions":["Succeeded"]}],"policy":{"timeout":"0.12:00:00","retry":2,"retryIntervalInSeconds":30,"secureOutput":false,"secureInput":false},"userProperties":[],"typeProperties":{"source":{"type":"AzureSqlSource","sqlReaderQuery":"SELECT\n    [SourceName]\n   ,[SourceTable]\n   ,[TransformSproc]\n    ,[Sequence]\nFROM [etl].[ControlTable]\nWHERE [IsActive] = 1\n     AND [TransformSproc] IS NOT NULL\n     AND [Sequence] < 300\nORDER BY [Sequence]","queryTimeout":"02:00:00","partitionOption":"None"},"dataset":{"referenceName":"ControlTable_sdb","type":"DatasetReference","parameters":{}},"firstRowOnly":false}},{"name":"ForEach PSA Sproc","description":"This activity executes a copy activity against all tables which were identified in the lookup activity. Source table, destination table, and SQL queries are stored in the control table.","type":"ForEach","dependsOn":[{"activity":"PSA Sproc Lookup","dependencyConditions":["Succeeded"]}],"userProperties":[],"typeProperties":{"items":{"value":"@activity('PSA Sproc Lookup').output.value","type":"Expression"},"isSequential":false,"activities":[{"name":"Transform Sprocs","description":"Executes stored procedures for all staging level activities","type":"SqlServerStoredProcedure","dependsOn":[],"policy":{"timeout":"0.12:00:00","retry":2,"retryIntervalInSeconds":30,"secureOutput":false,"secureInput":false},"userProperties":[],"typeProperties":{"storedProcedureName":{"value":"@{item().TransformSproc}","type":"Expression"}},"linkedServiceName":{"referenceName":"[parameters('dwh_sdb')]","type":"LinkedServiceReference"}},{"name":"Dummy Sproc Wait","description":"We do not need to log sproc successes but we need failures. DF will only take Failure route if there is an optional success route.","type":"Wait","dependsOn":[{"activity":"Transform Sprocs","dependencyConditions":["Succeeded"]}],"userProperties":[],"typeProperties":{"waitTimeInSeconds":1}},{"name":"Log Table Copy_psa","type":"ExecutePipeline","dependsOn":[{"activity":"Transform Sprocs","dependencyConditions":["Completed"]}],"userProperties":[],"typeProperties":{"pipeline":{"referenceName":"Add Log Message-sdb","type":"PipelineReference"},"waitOnCompletion":true,"parameters":{"End":{"value":"@activity('Staging Table Lookup').ExecutionEndTime","type":"Expression"},"ETLImportDate":{"value":"@convertTimeZone(utcNow(), 'UTC', 'Mountain Standard Time')","type":"Expression"},"JobName":{"value":"@pipeline().Pipeline","type":"Expression"},"Message":{"value":"@{activity('Transform Sprocs').Error.Message}","type":"Expression"},"RowCount":"0","Source":{"value":"@{item().SourceSchema}.@{item().SourceTable}","type":"Expression"},"Start":{"value":"@activity('Staging Table Lookup').ExecutionStartTime","type":"Expression"},"StepName":{"value":"Exec psa sprocs","type":"Expression"},"Success":{"value":"@if(\n    equals(activity('Transform Sprocs').ExecutionStatus,'Fail')\n    ,'False'\n    , 'True'\n)","type":"Expression"}}}}]}},{"name":"Checksum Lookup","description":"This activity looks up all Checksum procs and runs them against their respective systems.","type":"Lookup","dependsOn":[{"activity":"Deletion ForEach Sproc","dependencyConditions":["Succeeded"]}],"policy":{"timeout":"0.12:00:00","retry":2,"retryIntervalInSeconds":30,"secureOutput":false,"secureInput":false},"userProperties":[],"typeProperties":{"source":{"type":"AzureSqlSource","sqlReaderQuery":"SELECT\n    [DestSchema],\n    [DestTable],\n    [SourceTable],\n    [SourceChecksumQuery],\n    [DestChecksumQuery]\nFROM etl.dfControlTable\nWHERE IsActive = 1\n    AND [Sequence] = 100\n    AND [SourceChecksumQuery] IS NOT NULL\n    AND [DestChecksumQuery] IS NOT NULL","queryTimeout":"02:00:00","partitionOption":"None"},"dataset":{"referenceName":"ControlTable_sdb","type":"DatasetReference","parameters":{}},"firstRowOnly":false}},{"name":"ForEach Checksum","description":"This activity executes all checksum queries stored in the control table and writes the results to the mon.l_Checksum table.","type":"ForEach","dependsOn":[{"activity":"Checksum Lookup","dependencyConditions":["Succeeded"]}],"userProperties":[],"typeProperties":{"items":{"value":"@activity('Checksum Lookup').output.value","type":"Expression"},"isSequential":true,"activities":[{"name":"Dest Checksum Activity","description":"Retrieves checksum values from the source and writes them to the mon.l_Checksum table","type":"Copy","dependsOn":[],"policy":{"timeout":"7.00:00:00","retry":2,"retryIntervalInSeconds":30,"secureOutput":false,"secureInput":false},"userProperties":[],"typeProperties":{"source":{"type":"AzureSqlSource","sqlReaderQuery":{"value":"@{item().DestChecksumQuery}\n","type":"Expression"},"queryTimeout":"02:00:00","partitionOption":"None"},"sink":{"type":"AzureSqlSink","writeBehavior":"insert","sqlWriterUseTableLock":false,"disableMetricsCollection":false},"enableStaging":false,"translator":{"type":"TabularTranslator","typeConversion":true,"typeConversionSettings":{"allowDataTruncation":true,"treatBooleanAsNumber":false}}},"inputs":[{"referenceName":"DataWarehouse_sdb","type":"DatasetReference","parameters":{"Table":{"value":"@{item().DestTable}","type":"Expression"},"Schema":"psa"}}],"outputs":[{"referenceName":"ChecksumTable","type":"DatasetReference","parameters":{}}]},{"name":"Source Checksum Activity","description":"Retrieves checksum values from the source and writes them to the mon.l_Checksum table","type":"Copy","dependsOn":[],"policy":{"timeout":"7.00:00:00","retry":2,"retryIntervalInSeconds":30,"secureOutput":false,"secureInput":false},"userProperties":[],"typeProperties":{"source":{"type":"AzureSqlSource","sqlReaderQuery":{"value":"@{item().SourceChecksumQuery}\n","type":"Expression"},"queryTimeout":"02:00:00","partitionOption":"None"},"sink":{"type":"AzureSqlSink","writeBehavior":"insert","sqlWriterUseTableLock":false,"disableMetricsCollection":false},"enableStaging":false,"translator":{"type":"TabularTranslator","typeConversion":true,"typeConversionSettings":{"allowDataTruncation":true,"treatBooleanAsNumber":false}}},"inputs":[{"referenceName":"SourceDatabase","type":"DatasetReference","parameters":{}}],"outputs":[{"referenceName":"ChecksumTable","type":"DatasetReference","parameters":{}}]},{"name":"Checksum Dest Success Wait","type":"Wait","dependsOn":[{"activity":"Dest Checksum Activity","dependencyConditions":["Succeeded"]}],"userProperties":[],"typeProperties":{"waitTimeInSeconds":1}},{"name":"Checksum Source Success Wait","type":"Wait","dependsOn":[{"activity":"Source Checksum Activity","dependencyConditions":["Succeeded"]}],"userProperties":[],"typeProperties":{"waitTimeInSeconds":1}},{"name":"Log Table Copy_Dest_Checksum","type":"ExecutePipeline","dependsOn":[{"activity":"Dest Checksum Activity","dependencyConditions":["Completed"]}],"userProperties":[],"typeProperties":{"pipeline":{"referenceName":"Add Log Message-sdb","type":"PipelineReference"},"waitOnCompletion":true,"parameters":{"End":{"value":"@activity('Staging Table Lookup').ExecutionEndTime","type":"Expression"},"ETLImportDate":{"value":"@convertTimeZone(utcNow(), 'UTC', 'Mountain Standard Time')","type":"Expression"},"JobName":{"value":"@pipeline().Pipeline","type":"Expression"},"Message":{"value":"@{activity('Dest Checksum Activity').Error.Message}","type":"Expression"},"RowCount":{"value":"@if(\n    equals(activity('Dest Checksum Activity').ExecutionStatus,'Fail')\n    ,0\n    ,activity('Dest Checksum Activity').output.rowscopied\n)","type":"Expression"},"Source":{"value":"@{item().SourceSchema}.@{item().SourceTable}","type":"Expression"},"Start":{"value":"@activity('Staging Table Lookup').ExecutionStartTime","type":"Expression"},"StepName":{"value":"@activity('Dest Checksum Activity').output.name","type":"Expression"},"Success":{"value":"@if(\n    equals(activity('Dest Checksum Activity').ExecutionStatus,'Fail')\n    ,'False'\n    , 'True'\n)","type":"Expression"}}}},{"name":"Log Table Copy_source_Checksum","type":"ExecutePipeline","dependsOn":[{"activity":"Source Checksum Activity","dependencyConditions":["Completed"]}],"userProperties":[],"typeProperties":{"pipeline":{"referenceName":"Add Log Message-sdb","type":"PipelineReference"},"waitOnCompletion":true,"parameters":{"End":{"value":"@activity('Staging Table Lookup').ExecutionEndTime","type":"Expression"},"ETLImportDate":{"value":"@convertTimeZone(utcNow(), 'UTC', 'Mountain Standard Time')","type":"Expression"},"JobName":{"value":"@pipeline().Pipeline","type":"Expression"},"Message":{"value":"@{activity('Source Checksum Activity').Error.Message}","type":"Expression"},"RowCount":{"value":"@if(\n    equals(activity('Source Checksum Activity').ExecutionStatus,'Fail')\n    ,0\n    ,activity('Source Checksum Activity').output.rowscopied\n)","type":"Expression"},"Source":{"value":"@{item().SourceSchema}.@{item().SourceTable}","type":"Expression"},"Start":{"value":"@activity('Staging Table Lookup').ExecutionStartTime","type":"Expression"},"StepName":{"value":"@activity('Source Checksum Activity').output.name","type":"Expression"},"Success":{"value":"@if(\n    equals(activity('Source Checksum Activity').ExecutionStatus,'Fail')\n    ,'False'\n    , 'True'\n)","type":"Expression"}}}}]}},{"name":"Deletion Sproc Lookup","description":"Performs a lookup on the DFControlTable to identify stored procedures which will push records from STG to PSA, and which will execute deletes (hard or soft). Must be executed sequentially if any delete logic is included.","type":"Lookup","dependsOn":[{"activity":"ForEach PSA Sproc","dependencyConditions":["Succeeded"]}],"policy":{"timeout":"0.12:00:00","retry":2,"retryIntervalInSeconds":30,"secureOutput":false,"secureInput":false},"userProperties":[],"typeProperties":{"source":{"type":"AzureSqlSource","sqlReaderQuery":"SELECT\n    [SourceName]\n   ,[SourceTable]\n   ,[TransformSproc]\n    ,[Sequence]\nFROM [etl].[DFControlTable]\nWHERE [IsActive] = 1\n     AND [TransformSproc] IS NOT NULL\n     AND [Sequence] = 200\nORDER BY [Sequence]","queryTimeout":"02:00:00","partitionOption":"None"},"dataset":{"referenceName":"ControlTable_sdb","type":"DatasetReference","parameters":{}},"firstRowOnly":false}},{"name":"Deletion ForEach Sproc","description":"This activity executes a copy activity against all tables which were identified in the lookup activity. Source table, destination table, and SQL queries are stored in the control table.","type":"ForEach","dependsOn":[{"activity":"Deletion Sproc Lookup","dependencyConditions":["Succeeded"]}],"userProperties":[],"typeProperties":{"items":{"value":"@activity('Deletion Sproc Lookup').output.value","type":"Expression"},"isSequential":false,"activities":[{"name":"Deletion Sprocs","description":"Executes stored procedures for all staging level activities","type":"SqlServerStoredProcedure","dependsOn":[],"policy":{"timeout":"0.12:00:00","retry":2,"retryIntervalInSeconds":30,"secureOutput":false,"secureInput":false},"userProperties":[],"typeProperties":{"storedProcedureName":{"value":"@{item().TransformSproc}","type":"Expression"}},"linkedServiceName":{"referenceName":"[parameters('dwh_sdb')]","type":"LinkedServiceReference"}},{"name":"Deletion Wait","description":"We do not need to log sproc successes but we need failures. DF will only take Failure route if there is an optional success route.","type":"Wait","dependsOn":[{"activity":"Deletion Sprocs","dependencyConditions":["Succeeded"]}],"userProperties":[],"typeProperties":{"waitTimeInSeconds":1}},{"name":"Log Table Copy_deletes","type":"ExecutePipeline","dependsOn":[{"activity":"Deletion Sprocs","dependencyConditions":["Completed"]}],"userProperties":[],"typeProperties":{"pipeline":{"referenceName":"Add Log Message-sdb","type":"PipelineReference"},"waitOnCompletion":true,"parameters":{"End":{"value":"@activity('Staging Table Lookup').ExecutionEndTime","type":"Expression"},"ETLImportDate":{"value":"@convertTimeZone(utcNow(), 'UTC', 'Mountain Standard Time')","type":"Expression"},"JobName":{"value":"@pipeline().Pipeline","type":"Expression"},"Message":{"value":"@{activity('Deletion Sprocs').Error.Message}","type":"Expression"},"RowCount":"0","Source":{"value":"@{item().SourceSchema}.@{item().SourceTable}","type":"Expression"},"Start":{"value":"@activity('Staging Table Lookup').ExecutionStartTime","type":"Expression"},"StepName":{"value":"Exec Delete sprocs","type":"Expression"},"Success":{"value":"@if(\n    equals(activity('Deletion Sprocs').ExecutionStatus,'Fail')\n    ,'False'\n    , 'True'\n)","type":"Expression"}}}}]}}],"policy":{"elapsedTimeMetric":{}},"variables":{"StartTime":{"type":"String"}},"folder":{"name":"Azure SQL DB Pipeline Template"},"annotations":[]},"dependsOn":["[concat(variables('workspaceId'), '/datasets/ControlTable_sdb')]","[concat(variables('workspaceId'), '/datasets/SourceDatabase')]","[concat(variables('workspaceId'), '/datasets/DataWarehouse_sdb')]","[concat(variables('workspaceId'), '/pipelines/Add Log Message-sdb')]","[concat(variables('workspaceId'), '/datasets/ChecksumTable')]"]},{"name":"[concat(parameters('workspaceName'), '/2 Data Warehouse Build - sdb')]","type":"Microsoft.Synapse/workspaces/pipelines","apiVersion":"2019-06-01-preview","properties":{"description":"Processes [dwh] tables. Dimensions are processed first and facts are processed second.","activities":[{"name":"Dimension Procedure Lookup","description":"Looks up dimension table transform procedures to execute.","type":"Lookup","dependsOn":[],"policy":{"timeout":"0.12:00:00","retry":2,"retryIntervalInSeconds":30,"secureOutput":false,"secureInput":false},"userProperties":[],"typeProperties":{"source":{"type":"AzureSqlSource","sqlReaderQuery":"SELECT\n    [SourceName],\n    [DestTable],\n    [TransformSproc]\nFROM [etl].[ControlTable]\nWHERE [IsActive] = 1\n    AND [TransformSproc] IS NOT NULL\n    AND [Sequence] >= 300\n    AND [Sequence] < 400\nORDER BY [Sequence]","queryTimeout":"02:00:00","partitionOption":"None"},"dataset":{"referenceName":"ControlTable_sdb","type":"DatasetReference","parameters":{}},"firstRowOnly":false}},{"name":"ForEach Dimension","description":"Loops through dimension table transform procedures and executes them.","type":"ForEach","dependsOn":[{"activity":"Dimension Procedure Lookup","dependencyConditions":["Succeeded"]}],"userProperties":[],"typeProperties":{"items":{"value":"@activity('Dimension Procedure Lookup').output.value","type":"Expression"},"isSequential":false,"activities":[{"name":"Execute Dimension Sproc","description":"Executes dimension table transform procedures.","type":"SqlServerStoredProcedure","dependsOn":[],"policy":{"timeout":"0.12:00:00","retry":2,"retryIntervalInSeconds":30,"secureOutput":false,"secureInput":false},"userProperties":[],"typeProperties":{"storedProcedureName":{"value":"@{item().TransformSproc}","type":"Expression"}},"linkedServiceName":{"referenceName":"[parameters('dwh_sdb')]","type":"LinkedServiceReference"}},{"name":"Dimension Dummy Wait","description":"We do not need to log procedure successes but we do need to log failures. Data Factory will only take the failure route if there is also a success route.","type":"Wait","dependsOn":[{"activity":"Execute Dimension Sproc","dependencyConditions":["Succeeded"]}],"userProperties":[],"typeProperties":{"waitTimeInSeconds":1}},{"name":"Add Log Message Dimension Sproc","type":"ExecutePipeline","dependsOn":[{"activity":"Execute Dimension Sproc","dependencyConditions":["Completed"]}],"userProperties":[],"typeProperties":{"pipeline":{"referenceName":"Add Log Message-sdb","type":"PipelineReference"},"waitOnCompletion":true,"parameters":{"End":{"value":"@activity('Execute Dimension Sproc').ExecutionEndTime","type":"Expression"},"ETLImportDate":{"value":"@convertTimeZone(utcNow(), 'UTC', 'Mountain Standard Time')","type":"Expression"},"JobName":{"value":"@pipeline().Pipeline","type":"Expression"},"Message":{"value":"@{activity('Execute Dimension Sproc').Error.Message}","type":"Expression"},"RowCount":"0","Source":{"value":"@{item().SourceSchema}.@{item().SourceTable}","type":"Expression"},"Start":{"value":"@activity('Dimension Procedure Lookup').ExecutionStartTime","type":"Expression"},"StepName":{"value":"Exec Dimension Transform sprocs","type":"Expression"},"Success":{"value":"@if(\n    equals(activity('Execute Dimension Sproc').ExecutionStatus,'Fail')\n    ,'False'\n    , 'True'\n)","type":"Expression"}}}}]}},{"name":"Fact Procedure Lookup","description":"Looks up fact table transform procedures to execute.","type":"Lookup","dependsOn":[{"activity":"ForEach Dimension","dependencyConditions":["Succeeded"]}],"policy":{"timeout":"0.12:00:00","retry":2,"retryIntervalInSeconds":30,"secureOutput":false,"secureInput":false},"userProperties":[],"typeProperties":{"source":{"type":"AzureSqlSource","sqlReaderQuery":"SELECT\n    [SourceName],\n    [DestTable],\n    [TransformSproc]\nFROM [etl].[ControlTable]\nWHERE [IsActive] = 1\n    AND [TransformSproc] IS NOT NULL\n    AND [Sequence] >= 400\n    AND [Sequence] < 500\nORDER BY [Sequence]","queryTimeout":"02:00:00","partitionOption":"None"},"dataset":{"referenceName":"ControlTable_sdb","type":"DatasetReference","parameters":{}},"firstRowOnly":false}},{"name":"ForEach Fact","description":"Loops through fact table transform procedures and executes them.","type":"ForEach","dependsOn":[{"activity":"Fact Procedure Lookup","dependencyConditions":["Succeeded"]}],"userProperties":[],"typeProperties":{"items":{"value":"@activity('Fact Procedure Lookup').output.value","type":"Expression"},"isSequential":false,"activities":[{"name":"Execute Fact Sproc","type":"SqlServerStoredProcedure","dependsOn":[],"policy":{"timeout":"0.12:00:00","retry":2,"retryIntervalInSeconds":30,"secureOutput":false,"secureInput":false},"userProperties":[],"typeProperties":{"storedProcedureName":{"value":"@{item().TransformSproc}","type":"Expression"}},"linkedServiceName":{"referenceName":"[parameters('dwh_sdb')]","type":"LinkedServiceReference"}},{"name":"Fact Dummy Wait","description":"We do not need to log sproc successes but we need failures. DF will only take Failure route if there is a success route","type":"Wait","dependsOn":[{"activity":"Execute Fact Sproc","dependencyConditions":["Succeeded"]}],"userProperties":[],"typeProperties":{"waitTimeInSeconds":1}},{"name":"Add Log Message Fact Sproc","type":"ExecutePipeline","dependsOn":[{"activity":"Execute Fact Sproc","dependencyConditions":["Completed"]}],"userProperties":[],"typeProperties":{"pipeline":{"referenceName":"Add Log Message-sdb","type":"PipelineReference"},"waitOnCompletion":true,"parameters":{"End":{"value":"@activity('Execute Fact Sproc').ExecutionEndTime","type":"Expression"},"ETLImportDate":{"value":"@convertTimeZone(utcNow(), 'UTC', 'Mountain Standard Time')","type":"Expression"},"JobName":{"value":"@pipeline().Pipeline","type":"Expression"},"Message":{"value":"@{activity('Execute Fact Sproc').Error.Message}","type":"Expression"},"RowCount":"0","Source":{"value":"@{item().SourceSchema}.@{item().SourceTable}","type":"Expression"},"Start":{"value":"@activity('Fact Procedure Lookup').ExecutionStartTime","type":"Expression"},"StepName":{"value":"Exec Fact Transform sprocs","type":"Expression"},"Success":{"value":"@if(\n    equals(activity('Execute Fact Sproc').ExecutionStatus,'Fail')\n    ,'False'\n    , 'True'\n)","type":"Expression"}}}}]}},{"name":"Lookup PSA Tables","description":"Performs a lookup on all PSA tables in order to mark all records currently in the DWH as IsInDwh, or IsProcessed.","type":"Lookup","dependsOn":[{"activity":"ForEach Fact","dependencyConditions":["Succeeded"]}],"policy":{"timeout":"0.12:00:00","retry":2,"retryIntervalInSeconds":30,"secureOutput":false,"secureInput":false},"userProperties":[],"typeProperties":{"source":{"type":"AzureSqlSource","sqlReaderQuery":"SELECT\n\t  SourceTable\n\t, DestSchema\n\t, DestTable\n\t, Sequence\nFROM etl.DFControlTable\nWHERE DestSchema = 'stg'\n  AND SourceTable IS NOT NULL\n  AND IsActive = 1","queryTimeout":"02:00:00","partitionOption":"None"},"dataset":{"referenceName":"ControlTable_sdb","type":"DatasetReference","parameters":{}},"firstRowOnly":false}},{"name":"Update PSA Flags","description":"Executes a stored procedure against all PSA tables, flipping the IsInDwh flag to 1","type":"ForEach","dependsOn":[{"activity":"Lookup PSA Tables","dependencyConditions":["Succeeded"]}],"userProperties":[],"typeProperties":{"items":{"value":"@activity('Lookup PSA Tables').output.value","type":"Expression"},"activities":[{"name":"Update IsInDWH Flag","description":"Executes the procedure that updated flags based on the DFControlTable","type":"SqlServerStoredProcedure","dependsOn":[],"policy":{"timeout":"0.12:00:00","retry":0,"retryIntervalInSeconds":30,"secureOutput":false,"secureInput":false},"userProperties":[],"typeProperties":{"storedProcedureName":"[[etl].[upd_IsInDwhFlags]","storedProcedureParameters":{"PSATable":{"value":{"value":"@{item().DestTable}","type":"Expression"},"type":"String"}}},"linkedServiceName":{"referenceName":"[parameters('dwh_sdb')]","type":"LinkedServiceReference"}},{"name":"Update Flag Success Wait","type":"Wait","dependsOn":[{"activity":"Update IsInDWH Flag","dependencyConditions":["Succeeded"]}],"userProperties":[],"typeProperties":{"waitTimeInSeconds":1}},{"name":"Log IsInDWH","type":"ExecutePipeline","dependsOn":[{"activity":"Update IsInDWH Flag","dependencyConditions":["Completed"]}],"userProperties":[],"typeProperties":{"pipeline":{"referenceName":"Add Log Message-sdb","type":"PipelineReference"},"waitOnCompletion":true,"parameters":{"End":{"value":"@activity('Update IsInDWH Flag').ExecutionEndTime","type":"Expression"},"ETLImportDate":{"value":"@convertTimeZone(utcNow(), 'UTC', 'Mountain Standard Time')","type":"Expression"},"JobName":{"value":"@pipeline().Pipeline","type":"Expression"},"Message":{"value":"@{activity('Update IsInDWH Flag').Error.Message}","type":"Expression"},"RowCount":"0","Source":{"value":"@{item().SourceSchema}.@{item().SourceTable}","type":"Expression"},"Start":{"value":"@activity('Lookup PSA Tables').ExecutionStartTime","type":"Expression"},"StepName":{"value":"Exec Update IsInDwh Flags","type":"Expression"},"Success":{"value":"@if(\n    equals(activity('Update IsInDWH Flag').ExecutionStatus,'Fail')\n    ,'False'\n    , 'True'\n)","type":"Expression"}}}}]}}],"policy":{"elapsedTimeMetric":{}},"variables":{"StartTime":{"type":"String"}},"folder":{"name":"Azure SQL DB Pipeline Template"},"annotations":[]},"dependsOn":["[concat(variables('workspaceId'), '/datasets/ControlTable_sdb')]","[concat(variables('workspaceId'), '/pipelines/Add Log Message-sdb')]"]},{"name":"[concat(parameters('workspaceName'), '/Update DW Documentation')]","type":"Microsoft.Synapse/workspaces/pipelines","apiVersion":"2019-06-01-preview","properties":{"description":"This pipeline deploys and updates data warehouse documentation scripts for the client data warehouse. ","activities":[{"name":"Sprocs Lookup","description":"This activity looks for the DW documentation sprocs stored on the DFControlTable and executes them in sequential order.","type":"Lookup","dependsOn":[],"policy":{"timeout":"7.00:00:00","retry":0,"retryIntervalInSeconds":30,"secureOutput":false,"secureInput":false},"userProperties":[],"typeProperties":{"source":{"type":"AzureSqlSource","sqlReaderQuery":"SELECT\n    [SourceName],\n    [DestTable],\n    [TransformSproc]\nFROM [etl].[DFControlTable]\nWHERE [IsActive] = 1\n     AND [TransformSproc] IS NOT NULL\n     AND [Sequence] >= 500\n     AND [Sequence] < 600\nORDER BY [Sequence]","queryTimeout":"02:00:00","partitionOption":"None"},"dataset":{"referenceName":"ControlTable_sdb","type":"DatasetReference","parameters":{}},"firstRowOnly":false}},{"name":"ForEach Sproc","description":"Loops through the procedures returned by the lookup statement and executes sequentially.","type":"ForEach","dependsOn":[{"activity":"Sprocs Lookup","dependencyConditions":["Succeeded"]}],"userProperties":[],"typeProperties":{"items":{"value":"@activity('Sprocs Lookup').output.value","type":"Expression"},"isSequential":true,"activities":[{"name":"Set Sproc Start Time","description":"Sets the start time of the activity for each for each iteration of the activity","type":"SetVariable","dependsOn":[],"policy":{"secureOutput":false,"secureInput":false},"userProperties":[],"typeProperties":{"variableName":"StartTime","value":{"value":"@utcNow('G')","type":"Expression"}}},{"name":"DW Update Sproc","description":"Executes procedures which update DW documentation for Database Reporting","type":"SqlServerStoredProcedure","dependsOn":[{"activity":"Set Sproc Start Time","dependencyConditions":["Succeeded"]}],"policy":{"timeout":"7.00:00:00","retry":0,"retryIntervalInSeconds":30,"secureOutput":false,"secureInput":false},"userProperties":[],"typeProperties":{"storedProcedureName":{"value":"@{item().TransformSproc}","type":"Expression"}},"linkedServiceName":{"referenceName":"[parameters('dwh_sdb')]","type":"LinkedServiceReference"}},{"name":"Dummy Wait","description":"We do not need to log sproc successes but we need failures. DF will only take Failure route if there is an optional success route.","type":"Wait","dependsOn":[{"activity":"DW Update Sproc","dependencyConditions":["Succeeded"]}],"userProperties":[],"typeProperties":{"waitTimeInSeconds":1}},{"name":"Log Failure","description":"If the DW sproc fails to execute, the failure and its corresponding error message will be logged to the l_JobMessage table.","type":"SqlServerStoredProcedure","dependsOn":[{"activity":"DW Update Sproc","dependencyConditions":["Failed"]}],"policy":{"timeout":"7.00:00:00","retry":0,"retryIntervalInSeconds":30,"secureOutput":false,"secureInput":false},"userProperties":[],"typeProperties":{"storedProcedureName":"[[mon].[ins_l_JobMessage]","storedProcedureParameters":{"End":{"value":{"value":"@utcNow('G')","type":"Expression"},"type":"DateTime"},"Job":{"value":"Upd DW Documentation","type":"String"},"JobName":{"value":{"value":"@pipeline().Pipeline","type":"Expression"},"type":"String"},"Message":{"value":{"value":"@{activity('DW Update Sproc').Error.Message}","type":"Expression"},"type":"String"},"RowCount":{"value":"0","type":"Int32"},"Source":{"value":{"value":"@{item().DestTable}\n","type":"Expression"},"type":"String"},"Start":{"value":{"value":"@variables('StartTime')","type":"Expression"},"type":"DateTime"},"Success":{"value":"False","type":"Boolean"}}},"linkedServiceName":{"referenceName":"[parameters('dwh_sdb')]","type":"LinkedServiceReference"}}]}}],"policy":{"elapsedTimeMetric":{}},"variables":{"StartTime":{"type":"String"}},"folder":{"name":"Azure SQL DB Pipeline Template"},"annotations":[]},"dependsOn":["[concat(variables('workspaceId'), '/datasets/ControlTable_sdb')]"]},{"name":"[concat(parameters('workspaceName'), '/Rebuild Indexes')]","type":"Microsoft.Synapse/workspaces/pipelines","apiVersion":"2019-06-01-preview","properties":{"description":"Rebuilds fragmented indexes, should run once weekly at a minimum","activities":[{"name":"Lookup Fragmented Indexes","description":"Lists all fragmented indexes if any. The table and schema properties are not used. ","type":"Lookup","dependsOn":[],"policy":{"timeout":"7.00:00:00","retry":0,"retryIntervalInSeconds":30,"secureOutput":false,"secureInput":false},"userProperties":[],"typeProperties":{"source":{"type":"AzureSqlSource","sqlReaderQuery":"SELECT TOP 5\n    'ALTER INDEX ' + [ind].[name] + ' ON [' + [sch].[name] +\n    '].[' + [tbl].[Name] + '] REBUILD;' AS [RebuildStatement],\n    [ind].[name],\n    [ips].[avg_fragmentation_in_percent]\nFROM [sys].[dm_db_index_physical_stats] (DB_ID(N'ThinkAnewDW'), NULL, NULL, NULL, NULL) [ips]\nINNER JOIN [sys].[indexes] [ind] \n\t\tON [ips].[object_id] = [ind].[object_id] \n\t   AND [ips].[index_id]  = [ind].[index_id]\nINNER JOIN [sys].[tables] [tbl]\n\t\tON [ips].[object_Id] = [tbl].[object_id]\nINNER JOIN [sys].[schemas] [sch]\n\t\tON [tbl].[schema_id] = [sch].[schema_id]\nWHERE [ips].[avg_fragmentation_in_percent] >= 30\n  AND [ind].[name] IS NOT NULL\n  AND (\n\t  [tbl].[Name] LIKE 'f_%' \n\t  OR \n\t  [tbl].[Name] LIKE 'd_%' \n\t  OR \n\t  [tbl].[Name] LIKE 's_%' \n\t  OR \n\t  [tbl].[Name] LIKE 'b_%'\n\t  )\nORDER BY [ips].[avg_fragmentation_in_percent] DESC","queryTimeout":"02:00:00","partitionOption":"None"},"dataset":{"referenceName":"DataWarehouse_sdb","type":"DatasetReference","parameters":{"Table":"stg","Schema":"Dummy"}},"firstRowOnly":false}},{"name":"ForEach Fragmented Index","type":"ForEach","dependsOn":[{"activity":"Lookup Fragmented Indexes","dependencyConditions":["Succeeded"]}],"userProperties":[],"typeProperties":{"items":{"value":"@activity('Lookup Fragmented Indexes').output.value","type":"Expression"},"activities":[{"name":"Exec Index Rebuild","description":"Runs each index rebuild statement and returns a dummy value to satisfy Lookup requirements. Dataset properties do not matter. ","type":"Lookup","dependsOn":[],"policy":{"timeout":"7.00:00:00","retry":0,"retryIntervalInSeconds":30,"secureOutput":false,"secureInput":false},"userProperties":[],"typeProperties":{"source":{"type":"AzureSqlSource","sqlReaderQuery":{"value":"@{item().RebuildStatement};\n\nSELECT 0 AS DummyReturn","type":"Expression"},"queryTimeout":"02:00:00","partitionOption":"None"},"dataset":{"referenceName":"DataWarehouse_sdb","type":"DatasetReference","parameters":{"Table":"stg","Schema":"Dummy"}},"firstRowOnly":false}}]}}],"policy":{"elapsedTimeMetric":{}},"folder":{"name":"Azure SQL DB Pipeline Template"},"annotations":[],"lastPublishTime":"2021-04-01T15:53:59Z"},"dependsOn":["[concat(variables('workspaceId'), '/datasets/DataWarehouse_sdb')]"]},{"name":"[concat(parameters('workspaceName'), '/ControlTable_sdb')]","type":"Microsoft.Synapse/workspaces/datasets","apiVersion":"2019-06-01-preview","properties":{"linkedServiceName":{"referenceName":"[parameters('dwh_sdb')]","type":"LinkedServiceReference"},"annotations":[],"type":"AzureSqlTable","schema":[{"name":"Id","type":"int","precision":10},{"name":"SourceName","type":"varchar"},{"name":"DestSchema","type":"varchar"},{"name":"DestTable","type":"varchar"},{"name":"SourceTable","type":"varchar"},{"name":"SourceQuery","type":"varchar"},{"name":"IsActive","type":"bit"},{"name":"IsDelta","type":"bit"},{"name":"DeltaColumn","type":"varchar"},{"name":"DeltaValue","type":"varchar"},{"name":"DeltaValueLine","type":"varchar"},{"name":"SourceCheckSumQuery","type":"varchar"},{"name":"TransformSproc","type":"varchar"}],"typeProperties":{"schema":"etl","table":"ControlTable"}},"dependsOn":[]},{"name":"[concat(parameters('workspaceName'), '/DataWarehouse_sdb')]","type":"Microsoft.Synapse/workspaces/datasets","apiVersion":"2019-06-01-preview","properties":{"linkedServiceName":{"referenceName":"[parameters('dwh_sdb')]","type":"LinkedServiceReference"},"parameters":{"Table":{"type":"string"},"Schema":{"type":"string"}},"annotations":[],"type":"AzureSqlTable","schema":[],"typeProperties":{"schema":{"value":"@{dataset().Schema}","type":"Expression"},"table":{"value":"@{dataset().Table}","type":"Expression"}}},"dependsOn":[]},{"name":"[concat(parameters('workspaceName'), '/SourceDatabase')]","type":"Microsoft.Synapse/workspaces/datasets","apiVersion":"2019-06-01-preview","properties":{"linkedServiceName":{"referenceName":"[parameters('ClientSource')]","type":"LinkedServiceReference"},"annotations":[],"type":"AzureSqlTable","schema":[],"typeProperties":{}},"dependsOn":[]},{"name":"[concat(parameters('workspaceName'), '/Add Log Message-sdb')]","type":"Microsoft.Synapse/workspaces/pipelines","apiVersion":"2019-06-01-preview","properties":{"activities":[{"name":"Only Log Success When Asked","type":"IfCondition","dependsOn":[],"userProperties":[],"typeProperties":{"expression":{"value":"@or(equals(pipeline().parameters.Success,false),\nand(equals(pipeline().parameters.Success,true),\nequals(pipeline().parameters.OnlyLogFailures,false)\n)\n)","type":"Expression"},"ifTrueActivities":[{"name":"Log Message","type":"SqlServerStoredProcedure","dependsOn":[],"policy":{"timeout":"0.12:00:00","retry":0,"retryIntervalInSeconds":30,"secureOutput":false,"secureInput":false},"userProperties":[],"typeProperties":{"storedProcedureName":"[[mon].[ins_l_JobMessage]","storedProcedureParameters":{"End":{"value":{"value":"@pipeline().parameters.End","type":"Expression"},"type":"DateTime"},"ETLImportDate":{"value":{"value":"@pipeline().parameters.ETLImportDate","type":"Expression"},"type":"DateTime"},"JobName":{"value":{"value":"@pipeline().parameters.JobName","type":"Expression"},"type":"String"},"Message":{"value":{"value":"@pipeline().parameters.Message","type":"Expression"},"type":"String"},"RowCount":{"value":{"value":"@pipeline().parameters.RowCount","type":"Expression"},"type":"Int32"},"Source":{"value":{"value":"@pipeline().parameters.Source","type":"Expression"},"type":"String"},"Start":{"value":{"value":"@pipeline().parameters.Start","type":"Expression"},"type":"DateTime"},"StepName":{"value":{"value":"@pipeline().parameters.StepName","type":"Expression"},"type":"String"},"Success":{"value":{"value":"@pipeline().parameters.Success","type":"Expression"},"type":"Boolean"}}},"linkedServiceName":{"referenceName":"[parameters('dwh')]","type":"LinkedServiceReference"}}]}}],"policy":{"elapsedTimeMetric":{}},"parameters":{"End":{"type":"string"},"ETLImportDate":{"type":"string"},"JobName":{"type":"string"},"Message":{"type":"string"},"RowCount":{"type":"string"},"Source":{"type":"string"},"Start":{"type":"string"},"StepName":{"type":"string"},"Success":{"type":"string","defaultValue":"False"},"OnlyLogFailures":{"type":"bool","defaultValue":false}},"folder":{"name":"Azure SQL DB Pipeline Template"},"annotations":[],"lastPublishTime":"2023-03-23T20:32:39Z"},"dependsOn":[]},{"name":"[concat(parameters('workspaceName'), '/ChecksumTable')]","type":"Microsoft.Synapse/workspaces/datasets","apiVersion":"2019-06-01-preview","properties":{"linkedServiceName":{"referenceName":"[parameters('dwh_sdb')]","type":"LinkedServiceReference"},"annotations":[],"type":"AzureSqlTable","schema":[{"name":"CheckSumID","type":"int","precision":10},{"name":"CheckSumSource","type":"varchar"},{"name":"CheckSumDate","type":"datetime","precision":23,"scale":3},{"name":"CheckSumTable","type":"varchar"},{"name":"RecordCount","type":"int","precision":10},{"name":"SourceSystem","type":"varchar"}],"typeProperties":{"schema":"mon","table":"l_Checksums"}},"dependsOn":[]}]}