{"$schema":"http://schema.management.azure.com/schemas/2015-01-01/deploymentTemplate.json#","contentVersion":"1.0.0.0","parameters":{"workspaceName":{"type":"string","metadata":"Workspace name","defaultValue":"bmi-tmp-syn-prod"},"dwh":{"type":"string"},"ClientSource":{"type":"string"},"bmi-tmp-syn-prod-WorkspaceDefaultStorage":{"type":"string"},"dwhserverless":{"type":"string"}},"variables":{"workspaceId":"[concat('Microsoft.Synapse/workspaces/', parameters('workspaceName'))]"},"resources":[{"name":"[concat(parameters('workspaceName'), '/Master Pipeline')]","type":"Microsoft.Synapse/workspaces/pipelines","apiVersion":"2019-06-01-preview","properties":{"activities":[{"name":"Execute Source to Staging","description":"If data lake staging is not used, keep this activity, delete 'Execute Source to Data Lake' and 'Execute Data Lake to Source', and delete their corresponding pipelines. \n\nIf data lake staging is used, replace this activity with 'Execute Source to Data Lake' and 'Execute Data Lake to Source' activities, replicate the ship logs, and connect to 'Execute Data Lake to Source' on completion AND skip (this allows a copy to not be needed on 'Execute Source to Data Lake').","type":"ExecutePipeline","dependsOn":[{"activity":"Determine Environment","dependencyConditions":["Succeeded"]}],"userProperties":[],"typeProperties":{"pipeline":{"referenceName":"1 Source to Staging","type":"PipelineReference"},"waitOnCompletion":true,"parameters":{}}},{"name":"Execute Orphan Table Backup","type":"ExecutePipeline","dependsOn":[{"activity":"Execute Source to Staging","dependencyConditions":["Succeeded"]}],"userProperties":[],"typeProperties":{"pipeline":{"referenceName":"3 Orphan Table Backup","type":"PipelineReference"},"waitOnCompletion":true,"parameters":{}}},{"name":"Execute Data Warehouse Build","type":"ExecutePipeline","dependsOn":[{"activity":"Execute Source to Staging","dependencyConditions":["Succeeded"]}],"userProperties":[],"typeProperties":{"pipeline":{"referenceName":"2 Data Warehouse Build","type":"PipelineReference"},"waitOnCompletion":true,"parameters":{}}},{"name":"Execute Daily Maintenance","description":"","type":"ExecutePipeline","dependsOn":[{"activity":"Execute Data Warehouse Build","dependencyConditions":["Completed"]}],"userProperties":[],"typeProperties":{"pipeline":{"referenceName":"4 Daily Maintenance","type":"PipelineReference"},"waitOnCompletion":true,"parameters":{}}},{"name":"Determine Environment","description":"Looks at the workspace name to derive which environment the pipeline is running in and assign that dynamically for logging to BMIDW","type":"IfCondition","dependsOn":[],"userProperties":[],"typeProperties":{"expression":{"value":"@endswith(pipeline().DataFactory, 'dev')","type":"Expression"},"ifFalseActivities":[{"name":"Set Environment to Prod","type":"SetVariable","dependsOn":[],"policy":{"secureOutput":false,"secureInput":false},"userProperties":[],"typeProperties":{"variableName":"Environment","value":"Production"}}],"ifTrueActivities":[{"name":"Set Environment to Dev","type":"SetVariable","dependsOn":[],"policy":{"secureOutput":false,"secureInput":false},"userProperties":[],"typeProperties":{"variableName":"Environment","value":"Development"}}]}},{"name":"Source to Data Lake","description":"Data Lake staging steps are included in parallel so that the pipelines are exported to the template. \n\nIf data lake staging is not used, delete these executes from the master and their corresponding pipelines. If data lake staging is used, replace 'Execute Source to Staging' with these two, replicate the ship logs, and connect to 'Execute Data Lake to Source' on completion AND skip (this allows a copy to not be needed on 'Execute Source to Data Lake').","type":"ExecutePipeline","dependsOn":[],"userProperties":[],"typeProperties":{"pipeline":{"referenceName":"0 Source to Data Lake","type":"PipelineReference"},"waitOnCompletion":true,"parameters":{}}},{"name":"Data Lake to Staging","description":"Data Lake staging steps are included in parallel so that the pipelines are exported to the template. \n\nIf data lake staging is not used, delete these executes from the master and their corresponding pipelines. If data lake staging is used, replace 'Execute Source to Staging' with these two, replicate the ship logs, and connect to 'Execute Data Lake to Source' on completion AND skip (this allows a copy to not be needed on 'Execute Source to Data Lake').","type":"ExecutePipeline","dependsOn":[{"activity":"Source to Data Lake","dependencyConditions":["Succeeded"]}],"userProperties":[],"typeProperties":{"pipeline":{"referenceName":"1 Data Lake to Staging","type":"PipelineReference"},"waitOnCompletion":true,"parameters":{}}},{"name":"Update Job Message table","type":"SqlServerStoredProcedure","dependsOn":[{"activity":"Execute Daily Maintenance","dependencyConditions":["Completed"]}],"policy":{"timeout":"0.12:00:00","retry":0,"retryIntervalInSeconds":30,"secureOutput":false,"secureInput":false},"userProperties":[],"typeProperties":{"storedProcedureName":"[[mon].[upd_l_JobMessage]"},"linkedServiceName":{"referenceName":"[parameters('dwh')]","type":"LinkedServiceReference"}}],"policy":{"elapsedTimeMetric":{}},"variables":{"Environment":{"type":"String"}},"folder":{"name":"Dedicated SQL Pool Pipeline Template"},"annotations":[],"lastPublishTime":"2023-03-24T21:36:28Z"},"dependsOn":["[concat(variables('workspaceId'), '/pipelines/1 Source to Staging')]","[concat(variables('workspaceId'), '/pipelines/3 Orphan Table Backup')]","[concat(variables('workspaceId'), '/pipelines/2 Data Warehouse Build')]","[concat(variables('workspaceId'), '/pipelines/4 Daily Maintenance')]","[concat(variables('workspaceId'), '/pipelines/0 Source to Data Lake')]","[concat(variables('workspaceId'), '/pipelines/1 Data Lake to Staging')]"]},{"name":"[concat(parameters('workspaceName'), '/1 Source to Staging')]","type":"Microsoft.Synapse/workspaces/pipelines","apiVersion":"2019-06-01-preview","properties":{"description":"Consists of activities to 1) move full and delta loads from the source system into the [stg] layer, 2) execute stored procedures that upsert data from the [stg] layer to the [psa] layer, 3) if applicable, execute stored procedures that perform deletions on the [psa] layer, 4) execute a parameterized stored procedure that updates the control table DeltaValue for any delta-enable [psa] tables, and 5) runs checksums against corresponding source and [psa] tables, storing the resultant values to [mon].[l_Checksums] for monitoring that the [psa] layer matches the source.","activities":[{"name":"Staging Sproc Loookup","description":"Queries the control table to identify staging tables that are active and have stored procedures to push records from stg to psa tables.","type":"Lookup","dependsOn":[{"activity":"Data Warehouse Staging Full Load","dependencyConditions":["Succeeded"]}],"policy":{"timeout":"0.12:00:00","retry":2,"retryIntervalInSeconds":30,"secureOutput":false,"secureInput":false},"userProperties":[],"typeProperties":{"source":{"type":"SqlPoolSource","sqlReaderQuery":"SELECT\n    [SourceName]\n    ,[SourceSchema]\n   ,[SourceTable]\n   ,[TransformSproc]\n   ,[Sequence]\nFROM [etl].[ControlTable]\nWHERE [IsActive] = 1\n     AND [TransformSproc] IS NOT NULL\n     AND [Sequence] BETWEEN 100 AND 199 --Staging","queryTimeout":"02:00:00"},"dataset":{"referenceName":"ControlTable_dsp","type":"DatasetReference","parameters":{}},"firstRowOnly":false}},{"name":"Deletion Sproc Lookup","description":"Queries the control table to identify staging tables that are active and experience deletions.\n\nMay need to be executed sequentially.","type":"Lookup","dependsOn":[{"activity":"Execute Staging Sprocs","dependencyConditions":["Succeeded"]}],"policy":{"timeout":"0.12:00:00","retry":2,"retryIntervalInSeconds":30,"secureOutput":false,"secureInput":false},"userProperties":[],"typeProperties":{"source":{"type":"SqlPoolSource","sqlReaderQuery":"SELECT\n     [SourceName]\n    ,[SourceSchema]\n    ,[SourceTable]\n    ,[SourceQuery]\n\t,[DestSchema]\n\t,[DestTable]\n    ,[TransformSproc]\n    ,[Sequence]\nFROM [etl].[ControlTable]\nWHERE [IsActive] = 1\n\tAND [Sequence] BETWEEN 200 AND 299\nORDER BY [Sequence]","queryTimeout":"02:00:00"},"dataset":{"referenceName":"ControlTable_dsp","type":"DatasetReference","parameters":{}},"firstRowOnly":false}},{"name":"Execute Staging Sprocs","description":"Executes upsert procedures for each table identified in the lookup activity.\n\nSource table, destination table, query, and sproc data is stored in the control table and returned as part of the lookup.","type":"ForEach","dependsOn":[{"activity":"Staging Sproc Loookup","dependencyConditions":["Succeeded"]}],"userProperties":[],"typeProperties":{"items":{"value":"@activity('Staging Sproc Loookup').output.value","type":"Expression"},"activities":[{"name":"Execute Staging Sproc Dummy Wait","description":"A success path is required in order to properly execute an activity 'On Failure'.","type":"Wait","dependsOn":[{"activity":"Execute Staging Sproc","dependencyConditions":["Succeeded"]}],"userProperties":[],"typeProperties":{"waitTimeInSeconds":1}},{"name":"Execute Staging Sproc","type":"SqlServerStoredProcedure","dependsOn":[],"policy":{"timeout":"0.12:00:00","retry":2,"retryIntervalInSeconds":30,"secureOutput":false,"secureInput":false},"userProperties":[],"typeProperties":{"storedProcedureName":{"value":"@item().TransformSproc","type":"Expression"}},"linkedServiceName":{"referenceName":"[parameters('dwh')]","type":"LinkedServiceReference"}},{"name":"Add Log Message Source Staging Sproc","type":"ExecutePipeline","dependsOn":[{"activity":"Execute Staging Sproc","dependencyConditions":["Completed"]}],"userProperties":[],"typeProperties":{"pipeline":{"referenceName":"Add Log Message","type":"PipelineReference"},"waitOnCompletion":true,"parameters":{"End":{"value":"@activity('Execute Staging Sproc').ExecutionEndTime","type":"Expression"},"ETLImportDate":{"value":"@convertTimeZone(utcNow(), 'UTC', 'Mountain Standard Time')","type":"Expression"},"JobName":{"value":"@pipeline().Pipeline","type":"Expression"},"Message":{"value":"@if(equals(activity('Execute Staging Sproc').ExecutionStatus,'Fail'),activity('Execute Staging Sproc').error.message, 'Success')","type":"Expression"},"RowCount":{"value":"@if(equals(activity('Execute Staging Sproc').ExecutionStatus,'Fail'),0,activity('Execute Staging Sproc').output.rowscopied)","type":"Expression"},"Source":{"value":"<enter source system here>","type":"Expression"},"Start":{"value":"@activity('Execute Staging Sproc').ExecutionStartTime","type":"Expression"},"StepName":{"value":"Execute Staging Sproc: @{item().SourceTable}","type":"Expression"},"Success":{"value":"@if(equals(activity('Execute Staging Sproc').ExecutionStatus,'Fail'),False, True)","type":"Expression"},"OnlyLogFailures":true}}}]}},{"name":"Update Delta Values","description":"Executes a parameterized stored procedure to update the DeltaValue for all tables identified in the lookup activity.","type":"ForEach","dependsOn":[{"activity":"Delta Table Lookup","dependencyConditions":["Succeeded"]}],"userProperties":[],"typeProperties":{"items":{"value":"@activity('Delta Table Lookup').output.value","type":"Expression"},"activities":[{"name":"Update Delta Value Dummy Wait","description":"A success path is required in order to properly execute an activity 'On Failure'.","type":"Wait","dependsOn":[{"activity":"Update Delta Value","dependencyConditions":["Succeeded"]}],"userProperties":[],"typeProperties":{"waitTimeInSeconds":1}},{"name":"Update Delta Value","description":"Executes the stored procedure to update the DeltaValue column of the control table.","type":"SqlServerStoredProcedure","dependsOn":[],"policy":{"timeout":"0.12:00:00","retry":2,"retryIntervalInSeconds":30,"secureOutput":false,"secureInput":false},"userProperties":[],"typeProperties":{"storedProcedureName":"[[etl].[upd_DeltaValue]","storedProcedureParameters":{"DeltaColumn":{"value":{"value":"@item().DeltaColumn","type":"Expression"},"type":"String"},"PSATable":{"value":{"value":"s_src_@{item().DestTable}","type":"Expression"},"type":"String"},"SourceTable":{"value":{"value":"@item().SourceTable","type":"Expression"},"type":"String"}}},"linkedServiceName":{"referenceName":"[parameters('dwh')]","type":"LinkedServiceReference"}},{"name":"Add Log Message - Update Delta Value","description":"Logs a record of failure if the delta value update was unsuccessful.","type":"ExecutePipeline","dependsOn":[{"activity":"Update Delta Value","dependencyConditions":["Completed"]}],"userProperties":[],"typeProperties":{"pipeline":{"referenceName":"Add Log Message","type":"PipelineReference"},"waitOnCompletion":true,"parameters":{"End":{"value":"@activity('Update Delta Value').ExecutionEndTime","type":"Expression"},"ETLImportDate":{"value":"@convertTimeZone(utcNow(), 'UTC', 'Mountain Standard Time')","type":"Expression"},"JobName":{"value":"@pipeline().Pipeline","type":"Expression"},"Message":{"value":"@activity('Update Delta Value').error.message","type":"Expression"},"RowCount":"0","Source":"<enter source system here>","Start":{"value":"@activity('Update Delta Value').ExecutionStartTime","type":"Expression"},"StepName":{"value":"Update Delta Value: @{item().SourceTable}","type":"Expression"},"Success":{"value":"@if(equals(activity('Update Delta Value').ExecutionStatus,'Fail'),False, True)","type":"Expression"},"OnlyLogFailures":true}}}]}},{"name":"Delta Table Lookup","description":"Queries the control table to identify all staging tables that are active and delta-enabled.\n","type":"Lookup","dependsOn":[{"activity":"Execute Deletion Sprocs","dependencyConditions":["Succeeded"]}],"policy":{"timeout":"0.12:00:00","retry":2,"retryIntervalInSeconds":30,"secureOutput":false,"secureInput":false},"userProperties":[],"typeProperties":{"source":{"type":"SqlPoolSource","sqlReaderQuery":"SELECT\n     [SourceName]\n    ,[SourceSchema]\n    ,[SourceTable]\n    ,[DestSchema]\n    ,[DestTable]\n    ,[SourceQuery]\n    ,[DeltaColumn]\n    ,[DeltaValue]\nFROM [etl].[DFControlTable]\nWHERE [IsActive] = 1\n\t AND [IsDelta] = 1\n\t AND [Sequence] BETWEEN 100 AND 199 --Staging","queryTimeout":"02:00:00"},"dataset":{"referenceName":"ControlTable_dsp","type":"DatasetReference","parameters":{}},"firstRowOnly":false}},{"name":"Checksum Lookup","description":"Queries the control table to identify all active staging tables that have source and staging checksum queries.","type":"Lookup","dependsOn":[{"activity":"Update Delta Values","dependencyConditions":["Succeeded"]}],"policy":{"timeout":"0.12:00:00","retry":2,"retryIntervalInSeconds":30,"secureOutput":false,"secureInput":false},"userProperties":[],"typeProperties":{"source":{"type":"SqlPoolSource","sqlReaderQuery":"SELECT\n     [DestSchema]\n    ,[DestTable]\n    ,[SourceSchema]\n    ,[SourceTable]\n    ,[SourceChecksumQuery]\n    ,[DestChecksumQuery]\nFROM [etl].[DFControlTable]\nWHERE [IsActive] = 1\n    AND [Sequence] BETWEEN 100 AND 199 --Staging\n    AND [SourceChecksumQuery] IS NOT NULL\n    AND [DestChecksumQuery] IS NOT NULL\n","queryTimeout":"02:00:00"},"dataset":{"referenceName":"ControlTable_dsp","type":"DatasetReference","parameters":{}},"firstRowOnly":false}},{"name":"Run Checksums","description":"Executes checksum queries against the source and psa for all tables identified in the lookup activity and logs results to the job message table. \n\nSource table, destination table, and SQL query data is stored in the control table and returned as part of the lookup.","type":"ForEach","dependsOn":[{"activity":"Checksum Lookup","dependencyConditions":["Succeeded"]}],"userProperties":[],"typeProperties":{"items":{"value":"@activity('Checksum Lookup').output.value","type":"Expression"},"activities":[{"name":"PSA Checksums Dummy Wait","description":"A success path is required in order to properly execute an activity 'On Failure'.","type":"Wait","dependsOn":[{"activity":"PSA Checksums","dependencyConditions":["Succeeded"]}],"userProperties":[],"typeProperties":{"waitTimeInSeconds":1}},{"name":"PSA Checksums","description":"Retrieves checksum values from psa and writes them to [mon].[l_Checksums] ","type":"Copy","dependsOn":[],"policy":{"timeout":"0.12:00:00","retry":2,"retryIntervalInSeconds":30,"secureOutput":false,"secureInput":false},"userProperties":[],"typeProperties":{"source":{"type":"SqlPoolSource","sqlReaderQuery":{"value":"@item().DestChecksumQuery","type":"Expression"},"queryTimeout":"02:00:00"},"sink":{"type":"SqlPoolSink","writeBehavior":"Insert","sqlWriterUseTableLock":false},"enableStaging":false,"translator":{"type":"TabularTranslator","typeConversion":true,"typeConversionSettings":{"allowDataTruncation":true,"treatBooleanAsNumber":false}}},"inputs":[{"referenceName":"DataWarehouse_dsp","type":"DatasetReference","parameters":{"Schema":"psa","TableName":"@item().DestTable"}}],"outputs":[{"referenceName":"DataWarehouse_dsp","type":"DatasetReference","parameters":{"Schema":"mon","TableName":"l_Checksums"}}]},{"name":"Source Checksums Dummy Wait","description":"A success path is required in order to properly execute an activity 'On Failure'.","type":"Wait","dependsOn":[{"activity":"Source Checksums","dependencyConditions":["Succeeded"]}],"userProperties":[],"typeProperties":{"waitTimeInSeconds":1}},{"name":"Source Checksums","description":"Retrieves checksum values from the source and writes them to [mon].[l_Checksums]","type":"Copy","dependsOn":[],"policy":{"timeout":"0.12:00:00","retry":2,"retryIntervalInSeconds":30,"secureOutput":false,"secureInput":false},"userProperties":[],"typeProperties":{"source":{"type":"AzureSqlSource","queryTimeout":"02:00:00","partitionOption":"None"},"sink":{"type":"SqlPoolSink","writeBehavior":"Insert","sqlWriterUseTableLock":false},"enableStaging":false,"translator":{"type":"TabularTranslator","typeConversion":true,"typeConversionSettings":{"allowDataTruncation":true,"treatBooleanAsNumber":false}}},"inputs":[{"referenceName":"SourceDataset","type":"DatasetReference","parameters":{"Schema":{"value":"@item().SourceSchema","type":"Expression"},"TableName":{"value":"@item().SourceTable","type":"Expression"}}}],"outputs":[{"referenceName":"DataWarehouse_dsp","type":"DatasetReference","parameters":{"Schema":"mon","TableName":"l_Checksums"}}]},{"name":"Log Source Checksums Failure","description":"Logs a record of failure if the source checksums copy was unsuccessful.","type":"SqlPoolStoredProcedure","dependsOn":[{"activity":"Source Checksums","dependencyConditions":["Failed"]}],"policy":{"timeout":"0.12:00:00","retry":0,"retryIntervalInSeconds":30,"secureOutput":false,"secureInput":false},"userProperties":[],"sqlPool":{"referenceName":"bmidwh","type":"SqlPoolReference"},"typeProperties":{"storedProcedureName":"[[mon].[ins_l_JobMessage]","storedProcedureParameters":{"End":{"value":{"value":"@activity('Source Checksums').ExecutionEndTime","type":"Expression"},"type":"DateTime"},"ETLImportDate":{"value":{"value":"@convertTimeZone(utcNow(), 'UTC', 'Mountain Standard Time')","type":"Expression"},"type":"DateTime"},"StepName":{"value":{"value":"Source Checksums: @{item().SourceTable}","type":"Expression"},"type":"String"},"JobName":{"value":{"value":"@pipeline().Pipeline","type":"Expression"},"type":"String"},"Message":{"value":{"value":"@activity('Source Checksums').error.message","type":"Expression"},"type":"String"},"RowCount":{"value":"0","type":"Int32"},"Source":{"value":"<enter source system here>","type":"String"},"Start":{"value":{"value":"@activity('Source Checksums').ExecutionStartTime","type":"Expression"},"type":"DateTime"},"Success":{"value":"False","type":"Boolean"}}}},{"name":"Log PSA Checksums Failure","description":"Logs a record of failure if the psa checksums copy was unsuccessful.","type":"SqlPoolStoredProcedure","dependsOn":[{"activity":"PSA Checksums","dependencyConditions":["Failed"]}],"policy":{"timeout":"0.12:00:00","retry":0,"retryIntervalInSeconds":30,"secureOutput":false,"secureInput":false},"userProperties":[],"sqlPool":{"referenceName":"bmidwh","type":"SqlPoolReference"},"typeProperties":{"storedProcedureName":"[[mon].[ins_l_JobMessage]","storedProcedureParameters":{"End":{"value":{"value":"@activity('PSA Checksums').ExecutionEndTime","type":"Expression"},"type":"DateTime"},"ETLImportDate":{"value":{"value":"@convertTimeZone(utcNow(), 'UTC', 'Mountain Standard Time')","type":"Expression"},"type":"DateTime"},"StepName":{"value":{"value":"PSA Checksums: @{item().SourceTable}","type":"Expression"},"type":"String"},"JobName":{"value":{"value":"@pipeline().Pipeline","type":"Expression"},"type":"String"},"Message":{"value":{"value":"@activity('PSA Checksums').error.message","type":"Expression"},"type":"String"},"RowCount":{"value":"0","type":"Int32"},"Source":{"value":"<enter source system here>","type":"String"},"Start":{"value":{"value":"@activity('PSA Checksums').ExecutionStartTime","type":"Expression"},"type":"DateTime"},"Success":{"value":"False","type":"Boolean"}}}}]}},{"name":"Staging Lookup","description":"Queries the control table to identify all staging tables that are active and not delta-enabled. ","type":"Lookup","dependsOn":[],"policy":{"timeout":"0.12:00:00","retry":2,"retryIntervalInSeconds":30,"secureOutput":false,"secureInput":false},"userProperties":[],"typeProperties":{"source":{"type":"SqlPoolSource","sqlReaderQuery":"SELECT\n     [SourceName]\n    ,[SourceSchema]\n    ,[SourceTable]\n    ,[DestSchema]\n    ,[DestTable]\n   , CASE \n\tWHEN [IsDelta] = 1 THEN [SourceQuery] + ' WHERE ' + [DeltaColumn] + ' >= ''' + ISNULL([DeltaValue],'1900-01-01') + '''' ELSE [SourceQuery] END AS [SourceQuery]\nFROM [etl].[ControlTable]\nWHERE [IsActive] = 1\n    AND [IsDelta] = 0\n    AND [Sequence] BETWEEN 100 AND 199 --Staging\n\n\n\n","queryTimeout":"02:00:00"},"dataset":{"referenceName":"ControlTable_dsp","type":"DatasetReference","parameters":{}},"firstRowOnly":false}},{"name":"Data Warehouse Staging Full Load","description":"Copies data from the source into the data warehouse for each table identified in the lookup activity.\n\nSource table, destination table, and SQL query data is stored in the control table and returned as part of the lookup.","type":"ForEach","dependsOn":[{"activity":"Staging Lookup","dependencyConditions":["Succeeded"]}],"userProperties":[],"typeProperties":{"items":{"value":"@activity('Staging Lookup').output.value","type":"Expression"},"activities":[{"name":"Full Load Source to Staging","description":"Truncates and loads data from the source into the data warehouse.","type":"Copy","dependsOn":[],"policy":{"timeout":"0.12:00:00","retry":2,"retryIntervalInSeconds":30,"secureOutput":false,"secureInput":false},"userProperties":[],"typeProperties":{"source":{"type":"AzureSqlSource","sqlReaderQuery":{"value":"@item().SourceQuery","type":"Expression"},"queryTimeout":"02:00:00","partitionOption":"None"},"sink":{"type":"SqlPoolSink","preCopyScript":{"value":"TRUNCATE TABLE @{item().DestSchema}.@{item().DestTable}","type":"Expression"},"writeBehavior":"Insert","sqlWriterUseTableLock":false},"enableStaging":false},"inputs":[{"referenceName":"SourceDataset","type":"DatasetReference","parameters":{"Schema":{"value":"@item().SourceSchema","type":"Expression"},"TableName":{"value":"@item().SourceTable","type":"Expression"}}}],"outputs":[{"referenceName":"DataWarehouse_dsp","type":"DatasetReference","parameters":{"Schema":{"value":"@item().DestSchema","type":"Expression"},"TableName":{"value":"@item().DestTable","type":"Expression"}}}]},{"name":"Add Log Message Full Load Source","type":"ExecutePipeline","dependsOn":[{"activity":"Full Load Source to Staging","dependencyConditions":["Completed"]}],"userProperties":[],"typeProperties":{"pipeline":{"referenceName":"Add Log Message","type":"PipelineReference"},"waitOnCompletion":true,"parameters":{"End":{"value":"@activity('Full Load Source to Staging').ExecutionEndTime","type":"Expression"},"ETLImportDate":{"value":"@convertTimeZone(utcNow(), 'UTC', 'Mountain Standard Time')","type":"Expression"},"JobName":{"value":"@pipeline().Pipeline","type":"Expression"},"Message":{"value":"@if(equals(activity('Full Load Source to Staging').ExecutionStatus,'Fail'),activity('Full Load Source to Staging').error.message, 'Success')","type":"Expression"},"RowCount":{"value":"@if(equals(activity('Full Load Source to Staging').ExecutionStatus,'Fail'),0,activity('Full Load Source to Staging').output.rowscopied)","type":"Expression"},"Source":{"value":"<enter source system here>","type":"Expression"},"Start":{"value":"@activity('Full Load Source to Staging').ExecutionStartTime","type":"Expression"},"StepName":{"value":"Full Load Source to Staging: @{item().SourceTable}","type":"Expression"},"Success":{"value":"@if(equals(activity('Full Load Source to Staging').ExecutionStatus,'Fail'),False, True)","type":"Expression"},"OnlyLogFailures":true}}}]}},{"name":"Execute Deletion Sprocs","description":"Executes deletion procedures for each table identified in the lookup activity.\n\nSource table, destination table, query, and sproc data is stored in the control table and returned as part of the lookup.","type":"ForEach","dependsOn":[{"activity":"Deletion Sproc Lookup","dependencyConditions":["Succeeded"]}],"userProperties":[],"typeProperties":{"items":{"value":"@activity('Deletion Sproc Lookup').output.value","type":"Expression"},"activities":[{"name":"Execute Deletion Sproc Dummy Wait","description":"A success path is required in order to properly execute an activity 'On Failure'.","type":"Wait","dependsOn":[{"activity":"Execute Deletion Sproc","dependencyConditions":["Succeeded"]}],"userProperties":[],"typeProperties":{"waitTimeInSeconds":1}},{"name":"Execute Deletion Sproc","description":"Executes stored procedures for deletion sequence (200) rows of the control table.","type":"SqlServerStoredProcedure","dependsOn":[],"policy":{"timeout":"0.12:00:00","retry":2,"retryIntervalInSeconds":30,"secureOutput":false,"secureInput":false},"userProperties":[],"typeProperties":{"storedProcedureName":{"value":"@item().TransformSproc","type":"Expression"}},"linkedServiceName":{"referenceName":"[parameters('dwh')]","type":"LinkedServiceReference"}},{"name":"Add Log Message - Delete Sproc","description":"Log Message after each execution of Deletion SP.","type":"ExecutePipeline","dependsOn":[{"activity":"Execute Deletion Sproc","dependencyConditions":["Completed"]}],"userProperties":[],"typeProperties":{"pipeline":{"referenceName":"Add Log Message","type":"PipelineReference"},"waitOnCompletion":true,"parameters":{"End":{"value":"@activity('Execute Deletion Sproc').ExecutionEndTime","type":"Expression"},"ETLImportDate":{"value":"@convertTimeZone(utcNow(), 'UTC', 'Mountain Standard Time')","type":"Expression"},"JobName":{"value":"@pipeline().Pipeline","type":"Expression"},"Message":{"value":"@if(equals(activity('Execute Deletion Sproc').ExecutionStatus,'Fail'),activity('Execute Deletion Sproc').error.message, 'Success')","type":"Expression"},"RowCount":{"value":"@if(equals(activity('Execute Deletion Sproc').ExecutionStatus,'Fail'),0,activity('Execute Deletion Sproc').output.rowscopied)","type":"Expression"},"Source":{"value":"<enter source system here>","type":"Expression"},"Start":{"value":"@activity('Execute Deletion Sproc').ExecutionStartTime","type":"Expression"},"StepName":{"value":"Execute Deletion Sproc: @{item().SourceTable}","type":"Expression"},"Success":{"value":"@if(equals(activity('Execute Deletion Sproc').ExecutionStatus,'Fail'),False, True)","type":"Expression"},"OnlyLogFailures":true}}}]}},{"name":"Add Full Load Data Checkpoint","description":"Logs Checkpoint Message to the mon.l_JobMessage Table.","type":"ExecutePipeline","dependsOn":[{"activity":"Run Checksums","dependencyConditions":["Completed"]}],"userProperties":[],"typeProperties":{"pipeline":{"referenceName":"Add Log Message","type":"PipelineReference"},"waitOnCompletion":true,"parameters":{"End":{"value":"@utcNow('G')","type":"Expression"},"ETLImportDate":{"value":"@convertTimeZone(utcNow(), 'UTC', 'Mountain Standard Time')","type":"Expression"},"JobName":{"value":"@pipeline().Pipeline","type":"Expression"},"Message":{"value":"Done Loading Full Load Data to Staging","type":"Expression"},"RowCount":{"value":"0","type":"Expression"},"Source":{"value":"<enter source system here>","type":"Expression"},"Start":{"value":"@activity('Staging Lookup').ExecutionEndTime","type":"Expression"},"StepName":{"value":"Data Loaded to Staging","type":"Expression"},"Success":{"value":"True","type":"Expression"},"OnlyLogFailures":false}}}],"policy":{"elapsedTimeMetric":{}},"variables":{"FilePath":{"type":"String"}},"folder":{"name":"Dedicated SQL Pool Pipeline Template"},"annotations":[],"lastPublishTime":"2023-03-24T20:41:47Z"},"dependsOn":["[concat(variables('workspaceId'), '/datasets/ControlTable_dsp')]","[concat(variables('workspaceId'), '/pipelines/Add Log Message')]","[concat(variables('workspaceId'), '/datasets/DataWarehouse_dsp')]","[concat(variables('workspaceId'), '/datasets/SourceDataset')]","[concat(variables('workspaceId'), '/sqlPools/bmidwh')]"]},{"name":"[concat(parameters('workspaceName'), '/3 Orphan Table Backup')]","type":"Microsoft.Synapse/workspaces/pipelines","apiVersion":"2019-06-01-preview","properties":{"description":"Prepares for pushes to prod and database failure by storing a copy of each orphan table in the data warehouse to the data lake in case the data warehouse needs to be restored. ","activities":[{"name":"Orphan Table Lookup","description":"Queries the control table to identify all tables from the source which are indicated as orphan tables (sequence = 500).","type":"Lookup","dependsOn":[],"policy":{"timeout":"0.12:00:00","retry":2,"retryIntervalInSeconds":30,"secureOutput":false,"secureInput":false},"userProperties":[],"typeProperties":{"source":{"type":"SqlPoolSource","sqlReaderQuery":"SELECT \n     [SourceName]\n    ,[DestSchema]\n    ,[DestTable]\n    ,[SourceSchema]\n    ,[SourceTable]\n    ,[SourceQuery]\n    ,[IsActive]\n    ,[TransformSproc]\n    ,[Sequence]\nFROM [etl].[ControlTable]\nWHERE [IsActive] = 1\n     AND [Sequence] >= 500\n     AND [Sequence] < 600\n","queryTimeout":"02:00:00"},"dataset":{"referenceName":"ControlTable_dsp","type":"DatasetReference","parameters":{}},"firstRowOnly":false}},{"name":"Backup Each Orphan Table","description":"Stores a copy of each orphan table, tables that are manually created and cannot be restored by running the ELT. Examples include the control table and snapshot tables.","type":"ForEach","dependsOn":[{"activity":"Orphan Table Lookup","dependencyConditions":["Succeeded"]}],"userProperties":[],"typeProperties":{"items":{"value":"@activity('Orphan Table Lookup').output.value","type":"Expression"},"activities":[{"name":"Orphan Table to Lake","description":"Stores a copy of the orphan table to the data lake.","type":"Copy","dependsOn":[],"policy":{"timeout":"0.12:00:00","retry":2,"retryIntervalInSeconds":30,"secureOutput":false,"secureInput":false},"userProperties":[],"typeProperties":{"source":{"type":"SqlPoolSource","queryTimeout":"02:00:00"},"sink":{"type":"ParquetSink","storeSettings":{"type":"AzureBlobFSWriteSettings"},"formatSettings":{"type":"ParquetWriteSettings"}},"enableStaging":false,"translator":{"type":"TabularTranslator","typeConversion":true,"typeConversionSettings":{"allowDataTruncation":true,"treatBooleanAsNumber":false}}},"inputs":[{"referenceName":"DataWarehouse_dsp","type":"DatasetReference","parameters":{"Schema":{"value":"@item().SourceSchema","type":"Expression"},"TableName":{"value":"@item().SourceTable","type":"Expression"}}}],"outputs":[{"referenceName":"DataLakeParquet","type":"DatasetReference","parameters":{"ObjectName":"OrphanTable","RunDate":"Backup","FileName":{"value":"@{item().SourceTable}-@{pipeline().DataFactory}","type":"Expression"}}}]},{"name":"Add Log Message Orphan Table","type":"ExecutePipeline","dependsOn":[{"activity":"Orphan Table to Lake","dependencyConditions":["Completed"]}],"userProperties":[],"typeProperties":{"pipeline":{"referenceName":"Add Log Message","type":"PipelineReference"},"waitOnCompletion":true,"parameters":{"End":{"value":"@activity('Orphan Table to Lake').ExecutionEndTime","type":"Expression"},"ETLImportDate":{"value":"@convertTimeZone(utcNow(), 'UTC', 'Mountain Standard Time')","type":"Expression"},"JobName":{"value":"@pipeline().Pipeline","type":"Expression"},"Message":{"value":"@if(equals(activity('Orphan Table to Lake').ExecutionStatus,'Fail'),activity('Orphan Table to Lake').error.message, 'Success')","type":"Expression"},"RowCount":{"value":"@if(equals(activity('Orphan Table to Lake').ExecutionStatus,'Fail'),0,activity('Orphan Table to Lake').output.rowscopied)","type":"Expression"},"Source":{"value":"<enter source system here>","type":"Expression"},"Start":{"value":"@activity('Orphan Table to Lake').ExecutionStartTime","type":"Expression"},"StepName":{"value":"Orphan Table to Lake: @{item().SourceTable}","type":"Expression"},"Success":{"value":"@if(equals(activity('Orphan Table to Lake').ExecutionStatus,'Fail'),False, True)","type":"Expression"},"OnlyLogFailures":true}}}]}},{"name":"Add Orphan Table Data Checkpoint","description":"Logs Checkpoint Message to the mon.l_JobMessage Table.","type":"ExecutePipeline","dependsOn":[{"activity":"Backup Each Orphan Table","dependencyConditions":["Completed"]}],"userProperties":[],"typeProperties":{"pipeline":{"referenceName":"Add Log Message","type":"PipelineReference"},"waitOnCompletion":true,"parameters":{"End":{"value":"@utcNow('G')","type":"Expression"},"ETLImportDate":{"value":"@convertTimeZone(utcNow(), 'UTC', 'Mountain Standard Time')","type":"Expression"},"JobName":{"value":"@pipeline().Pipeline","type":"Expression"},"Message":{"value":"Orphan Table Backup Done","type":"Expression"},"RowCount":{"value":"0","type":"Expression"},"Source":{"value":"<enter source system here>","type":"Expression"},"Start":{"value":"@activity('Orphan Table Lookup').ExecutionEndTime","type":"Expression"},"StepName":{"value":"Backup Orphan Tables ","type":"Expression"},"Success":{"value":"True","type":"Expression"},"OnlyLogFailures":true}}}],"policy":{"elapsedTimeMetric":{}},"folder":{"name":"Dedicated SQL Pool Pipeline Template"},"annotations":[],"lastPublishTime":"2023-03-24T21:27:55Z"},"dependsOn":["[concat(variables('workspaceId'), '/datasets/ControlTable_dsp')]","[concat(variables('workspaceId'), '/pipelines/Add Log Message')]","[concat(variables('workspaceId'), '/datasets/DataWarehouse_dsp')]","[concat(variables('workspaceId'), '/datasets/DataLakeParquet')]"]},{"name":"[concat(parameters('workspaceName'), '/2 Data Warehouse Build')]","type":"Microsoft.Synapse/workspaces/pipelines","apiVersion":"2019-06-01-preview","properties":{"description":"Consists of activities to 1) create/update dimensions tables, then 2) create/update fact tables, and finally, 3) flip the [psa] layer IsInDwh flags to indicate that all new data from the source has been successfully incorporated into the [dwh] layer.","activities":[{"name":"Dimension Procedure Lookup","description":"Queries the control table to identify active dimension tables (sequence = 300) and their associated transform procedures.","type":"Lookup","dependsOn":[],"policy":{"timeout":"7.00:00:00","retry":2,"retryIntervalInSeconds":30,"secureOutput":false,"secureInput":false},"userProperties":[],"typeProperties":{"source":{"type":"SqlPoolSource","sqlReaderQuery":"SELECT\n     [SourceName]\n    ,[DestTable]\n    ,[TransformSproc]\nFROM [etl].[ControlTable]\nWHERE [IsActive] = 1\n    AND [TransformSproc] IS NOT NULL\n    AND [Sequence] >= 300\n    AND [Sequence] < 400\nORDER BY [Sequence]","queryTimeout":"02:00:00"},"dataset":{"referenceName":"ControlTable_dsp","type":"DatasetReference","parameters":{}},"firstRowOnly":false}},{"name":"Create Each Dimension","description":"Executes upsert procedures for each table identified in the lookup activity.","type":"ForEach","dependsOn":[{"activity":"Dimension Procedure Lookup","dependencyConditions":["Succeeded"]}],"userProperties":[],"typeProperties":{"items":{"value":"@activity('Dimension Procedure Lookup').output.value","type":"Expression"},"isSequential":false,"activities":[{"name":"Execute Dimension Sproc Dummy Wait","description":"A success path is required in order to properly execute an activity 'On Failure'.","type":"Wait","dependsOn":[{"activity":"Execute Dimension Sproc","dependencyConditions":["Succeeded"]}],"userProperties":[],"typeProperties":{"waitTimeInSeconds":1}},{"name":"Execute Dimension Sproc","type":"SqlServerStoredProcedure","dependsOn":[],"policy":{"timeout":"0.12:00:00","retry":2,"retryIntervalInSeconds":30,"secureOutput":false,"secureInput":false},"userProperties":[],"typeProperties":{"storedProcedureName":{"value":"@item().TransformSproc","type":"Expression"}},"linkedServiceName":{"referenceName":"[parameters('dwh')]","type":"LinkedServiceReference"}},{"name":"Add Log Message Dimension Sproc","type":"ExecutePipeline","dependsOn":[{"activity":"Execute Dimension Sproc","dependencyConditions":["Completed"]}],"userProperties":[],"typeProperties":{"pipeline":{"referenceName":"Add Log Message","type":"PipelineReference"},"waitOnCompletion":true,"parameters":{"End":{"value":"@activity('Execute Dimension Sproc').ExecutionEndTime","type":"Expression"},"ETLImportDate":{"value":"@convertTimeZone(utcNow(), 'UTC', 'Mountain Standard Time')","type":"Expression"},"JobName":{"value":"@pipeline().Pipeline","type":"Expression"},"Message":{"value":"@if(equals(activity('Execute Dimension Sproc').ExecutionStatus,'Fail'),activity('Execute Dimension Sproc').error.message, 'Success')","type":"Expression"},"RowCount":{"value":"@if(equals(activity('Execute Dimension Sproc').ExecutionStatus,'Fail'),0,activity('Execute Dimension Sproc').output.rowscopied)","type":"Expression"},"Source":{"value":"<enter source system here>","type":"Expression"},"Start":{"value":"@activity('Execute Dimension Sproc').ExecutionStartTime","type":"Expression"},"StepName":{"value":"Execute Dimension Sproc: @{item().SourceTable}","type":"Expression"},"Success":{"value":"@if(equals(activity('Execute Dimension Sproc').ExecutionStatus,'Fail'),False, True)","type":"Expression"},"OnlyLogFailures":true}}}]}},{"name":"Fact Procedure Lookup","description":"Queries the control table to identify active fact tables (sequence = 400) and their associated transform procedures.","type":"Lookup","dependsOn":[{"activity":"Create Each Dimension","dependencyConditions":["Succeeded"]}],"policy":{"timeout":"7.00:00:00","retry":2,"retryIntervalInSeconds":30,"secureOutput":false,"secureInput":false},"userProperties":[],"typeProperties":{"source":{"type":"SqlPoolSource","sqlReaderQuery":"SELECT\n     [SourceName]\n    ,[DestTable]\n    ,[TransformSproc]\nFROM [etl].[ControlTable]\nWHERE [IsActive] = 1\n    AND [TransformSproc] IS NOT NULL\n    AND [Sequence] >= 400\n    AND [Sequence] < 500\nORDER BY [Sequence]","queryTimeout":"02:00:00"},"dataset":{"referenceName":"ControlTable_dsp","type":"DatasetReference","parameters":{}},"firstRowOnly":false}},{"name":"Create Each Fact","description":"Executes upsert procedures for each table identified in the lookup activity.","type":"ForEach","dependsOn":[{"activity":"Fact Procedure Lookup","dependencyConditions":["Succeeded"]}],"userProperties":[],"typeProperties":{"items":{"value":"@activity('Fact Procedure Lookup').output.value","type":"Expression"},"isSequential":false,"activities":[{"name":"Execute Fact Sproc Dummy Wait","description":"A success path is required in order to properly execute an activity 'On Failure'.","type":"Wait","dependsOn":[{"activity":"Execute Fact Sproc","dependencyConditions":["Succeeded"]}],"userProperties":[],"typeProperties":{"waitTimeInSeconds":1}},{"name":"Execute Fact Sproc","type":"SqlServerStoredProcedure","dependsOn":[],"policy":{"timeout":"0.12:00:00","retry":2,"retryIntervalInSeconds":30,"secureOutput":false,"secureInput":false},"userProperties":[],"typeProperties":{"storedProcedureName":{"value":"@item().TransformSproc","type":"Expression"}},"linkedServiceName":{"referenceName":"[parameters('dwh')]","type":"LinkedServiceReference"}},{"name":"Add Log Message Fact Sproc","type":"ExecutePipeline","dependsOn":[{"activity":"Execute Fact Sproc","dependencyConditions":["Completed"]}],"userProperties":[],"typeProperties":{"pipeline":{"referenceName":"Add Log Message","type":"PipelineReference"},"waitOnCompletion":true,"parameters":{"End":{"value":"@activity('Execute Fact Sproc').ExecutionEndTime","type":"Expression"},"ETLImportDate":{"value":"@convertTimeZone(utcNow(), 'UTC', 'Mountain Standard Time')","type":"Expression"},"JobName":{"value":"@pipeline().Pipeline","type":"Expression"},"Message":{"value":"@if(equals(activity('Execute Fact Sproc').ExecutionStatus,'Fail'),activity('Execute Fact Sproc').error.message, 'Success')","type":"Expression"},"RowCount":{"value":"@if(equals(activity('Execute Fact Sproc').ExecutionStatus,'Fail'),0,activity('Execute Fact Sproc').output.rowscopied)","type":"Expression"},"Source":{"value":"<enter source system here>","type":"Expression"},"Start":{"value":"@activity('Execute Fact Sproc').ExecutionStartTime","type":"Expression"},"StepName":{"value":"Execute Fact Sproc: @{item().SourceTable}","type":"Expression"},"Success":{"value":"@if(equals(activity('Execute Fact Sproc').ExecutionStatus,'Fail'),False, True)","type":"Expression"},"OnlyLogFailures":true}}}]}},{"name":"Staging Table Lookup","description":"Queries the control table to identify all active psa tables for updating IsInDwh or IsProcessed flags.","type":"Lookup","dependsOn":[{"activity":"Create Each Fact","dependencyConditions":["Succeeded"]}],"policy":{"timeout":"7.00:00:00","retry":2,"retryIntervalInSeconds":30,"secureOutput":false,"secureInput":false},"userProperties":[],"typeProperties":{"source":{"type":"SqlPoolSource","sqlReaderQuery":"SELECT\n\t [SourceTable]\n\t,[DestSchema]\n\t,[DestTable]\n\t,[Sequence]\nFROM [etl].[ControlTable]\nWHERE [DestSchema] = 'stg'\n  \tAND [SourceTable] IS NOT NULL\n  \tAND [IsActive] = 1","queryTimeout":"02:00:00"},"dataset":{"referenceName":"ControlTable_dsp","type":"DatasetReference","parameters":{}},"firstRowOnly":false}},{"name":"Update IsInDwh Flags","description":"Executes a parameterized stored procedure against all PSA tables, flipping the IsInDwh or IsProcessed flag to 1","type":"ForEach","dependsOn":[{"activity":"Staging Table Lookup","dependencyConditions":["Succeeded"]}],"userProperties":[],"typeProperties":{"items":{"value":"@activity('Staging Table Lookup').output.value","type":"Expression"},"activities":[{"name":"Update IsInDwh Flag Dummy Wait","description":"A success path is required in order to properly execute an activity 'On Failure'.","type":"Wait","dependsOn":[{"activity":"Update IsInDWH Flag","dependencyConditions":["Succeeded"]}],"userProperties":[],"typeProperties":{"waitTimeInSeconds":1}},{"name":"Update IsInDWH Flag","type":"SqlServerStoredProcedure","dependsOn":[],"policy":{"timeout":"0.12:00:00","retry":2,"retryIntervalInSeconds":30,"secureOutput":false,"secureInput":false},"userProperties":[],"typeProperties":{"storedProcedureName":"[[etl].[upd_IsInDwhFlags]"},"linkedServiceName":{"referenceName":"[parameters('dwh')]","type":"LinkedServiceReference"}},{"name":"Add Log Message Update IsInDWH Flag","type":"ExecutePipeline","dependsOn":[{"activity":"Update IsInDWH Flag","dependencyConditions":["Completed"]}],"userProperties":[],"typeProperties":{"pipeline":{"referenceName":"Add Log Message","type":"PipelineReference"},"waitOnCompletion":true,"parameters":{"End":{"value":"@activity('Update IsInDWH Flag').ExecutionEndTime","type":"Expression"},"ETLImportDate":{"value":"@convertTimeZone(utcNow(), 'UTC', 'Mountain Standard Time')","type":"Expression"},"JobName":{"value":"@pipeline().Pipeline","type":"Expression"},"Message":{"value":"@if(equals(activity('Update IsInDWH Flag').ExecutionStatus,'Fail'),activity('Update IsInDWH Flag').error.message, 'Success')","type":"Expression"},"RowCount":{"value":"@if(equals(activity('Update IsInDWH Flag').ExecutionStatus,'Fail'),0,activity('Update IsInDWH Flag').output.rowscopied)","type":"Expression"},"Source":{"value":"<enter source system here>","type":"Expression"},"Start":{"value":"@activity('Update IsInDWH Flag').ExecutionStartTime","type":"Expression"},"StepName":{"value":"Update IsInDWH Flag: @{item().SourceTable}","type":"Expression"},"Success":{"value":"@if(equals(activity('Update IsInDWH Flag').ExecutionStatus,'Fail'),False, True)","type":"Expression"},"OnlyLogFailures":true}}}]}},{"name":"Add DWH Build Data Checkpoint","description":"Logs Checkpoint Message to the mon.l_JobMessage Table.","type":"ExecutePipeline","dependsOn":[{"activity":"Update IsInDwh Flags","dependencyConditions":["Completed"]}],"userProperties":[],"typeProperties":{"pipeline":{"referenceName":"Add Log Message","type":"PipelineReference"},"waitOnCompletion":true,"parameters":{"End":{"value":"@utcNow('G')","type":"Expression"},"ETLImportDate":{"value":"@convertTimeZone(utcNow(), 'UTC', 'Mountain Standard Time')","type":"Expression"},"JobName":{"value":"@pipeline().Pipeline","type":"Expression"},"Message":{"value":"Data Warehouse Build Done","type":"Expression"},"RowCount":{"value":"0","type":"Expression"},"Source":{"value":"<enter source system here>","type":"Expression"},"Start":{"value":"@activity('Dimension Procedure Lookup').ExecutionEndTime","type":"Expression"},"StepName":{"value":"Build Dimensions and Sprocs","type":"Expression"},"Success":{"value":"True","type":"Expression"},"OnlyLogFailures":true}}}],"policy":{"elapsedTimeMetric":{}},"folder":{"name":"Dedicated SQL Pool Pipeline Template"},"annotations":[],"lastPublishTime":"2023-03-24T21:15:11Z"},"dependsOn":["[concat(variables('workspaceId'), '/datasets/ControlTable_dsp')]","[concat(variables('workspaceId'), '/pipelines/Add Log Message')]"]},{"name":"[concat(parameters('workspaceName'), '/4 Daily Maintenance')]","type":"Microsoft.Synapse/workspaces/pipelines","apiVersion":"2019-06-01-preview","properties":{"description":"Executes any stored procedures that perform maintenance on the data warehouse, such as rebuilding indexes.","activities":[{"name":"Maintenance Sproc Lookup","description":"Queries the control table to identify rows indicated as database maintenance (sequence = 600). Examples include procedures to update table statistics or rebuild indexes.","type":"Lookup","dependsOn":[],"policy":{"timeout":"7.00:00:00","retry":0,"retryIntervalInSeconds":30,"secureOutput":false,"secureInput":false},"userProperties":[],"typeProperties":{"source":{"type":"SqlPoolSource","sqlReaderQuery":"SELECT\n     [SourceName]\n    ,[DestSchema]\n    ,[DestTable]\n    ,[TransformSproc]\nFROM [etl].[ControlTable]\nWHERE [IsActive] = 1\n     AND [TransformSproc] IS NOT NULL\n    AND [Sequence] >= 600\n     AND [Sequence] < 700\nORDER BY [Sequence]","queryTimeout":"02:00:00"},"dataset":{"referenceName":"ControlTable_dsp","type":"DatasetReference","parameters":{}},"firstRowOnly":false}},{"name":"Execute Each Maintenance Sproc","description":"Loops through the procedures returned by the lookup statement and executes sequentially.","type":"ForEach","dependsOn":[{"activity":"Maintenance Sproc Lookup","dependencyConditions":["Succeeded"]}],"userProperties":[],"typeProperties":{"items":{"value":"@activity('Maintenance Sproc Lookup').output.value","type":"Expression"},"isSequential":true,"activities":[{"name":"Execute Maintenance Sproc Dummy Wait","description":"A success path is required in order to properly execute an activity 'On Failure'.","type":"Wait","dependsOn":[{"activity":"Execute Maintenance Sproc","dependencyConditions":["Succeeded"]}],"userProperties":[],"typeProperties":{"waitTimeInSeconds":1}},{"name":"Execute Maintenance Sproc","type":"SqlServerStoredProcedure","dependsOn":[],"policy":{"timeout":"0.12:00:00","retry":0,"retryIntervalInSeconds":30,"secureOutput":false,"secureInput":false},"userProperties":[],"typeProperties":{"storedProcedureName":{"value":"@item().TransformSproc","type":"Expression"}},"linkedServiceName":{"referenceName":"[parameters('dwh')]","type":"LinkedServiceReference"}},{"name":"Add Log Message Maint Sproc","type":"ExecutePipeline","dependsOn":[{"activity":"Execute Maintenance Sproc","dependencyConditions":["Completed"]}],"userProperties":[],"typeProperties":{"pipeline":{"referenceName":"Add Log Message","type":"PipelineReference"},"waitOnCompletion":true,"parameters":{"End":{"value":"@activity('Execute Maintenance Sproc').ExecutionEndTime","type":"Expression"},"ETLImportDate":{"value":"@convertTimeZone(utcNow(), 'UTC', 'Mountain Standard Time')","type":"Expression"},"JobName":{"value":"@pipeline().Pipeline","type":"Expression"},"Message":{"value":"@if(equals(activity('Execute Maintenance Sproc').ExecutionStatus,'Fail'),activity('Execute Maintenance Sproc').error.message, 'Success')","type":"Expression"},"RowCount":{"value":"@if(equals(activity('Execute Maintenance Sproc').ExecutionStatus,'Fail'),0,activity('Execute Maintenance Sproc').output.rowscopied)","type":"Expression"},"Source":{"value":"<enter source system here>","type":"Expression"},"Start":{"value":"@activity('Execute Maintenance Sproc').ExecutionStartTime","type":"Expression"},"StepName":{"value":"Execute Maintenance Sproc: @{item().SourceTable}","type":"Expression"},"Success":{"value":"@if(equals(activity('Execute Maintenance Sproc').ExecutionStatus,'Fail'),False, True)","type":"Expression"},"OnlyLogFailures":true}}}]}},{"name":"Add Maintenance Data Checkpoint","description":"Logs Checkpoint Message to the mon.l_JobMessage Table.","type":"ExecutePipeline","dependsOn":[{"activity":"Execute Each Maintenance Sproc","dependencyConditions":["Completed"]}],"userProperties":[],"typeProperties":{"pipeline":{"referenceName":"Add Log Message","type":"PipelineReference"},"waitOnCompletion":true,"parameters":{"End":{"value":"@utcNow('G')","type":"Expression"},"ETLImportDate":{"value":"@convertTimeZone(utcNow(), 'UTC', 'Mountain Standard Time')","type":"Expression"},"JobName":{"value":"@pipeline().Pipeline","type":"Expression"},"Message":{"value":"Maintenance Sprocs Done","type":"Expression"},"RowCount":{"value":"0","type":"Expression"},"Source":{"value":"<enter source system here>","type":"Expression"},"Start":{"value":"@activity('Maintenance Sproc Lookup').ExecutionEndTime","type":"Expression"},"StepName":{"value":"Maintenance Sprocs Done","type":"Expression"},"Success":{"value":"True","type":"Expression"},"OnlyLogFailures":true}}}],"policy":{"elapsedTimeMetric":{}},"variables":{"StartTime":{"type":"String"}},"folder":{"name":"Dedicated SQL Pool Pipeline Template"},"annotations":[],"lastPublishTime":"2023-03-24T21:34:30Z"},"dependsOn":["[concat(variables('workspaceId'), '/datasets/ControlTable_dsp')]","[concat(variables('workspaceId'), '/pipelines/Add Log Message')]"]},{"name":"[concat(parameters('workspaceName'), '/0 Source to Data Lake')]","type":"Microsoft.Synapse/workspaces/pipelines","apiVersion":"2019-06-01-preview","properties":{"description":"Contains two independent sets of activities:\n\n1) executes the 100 sequence staging, moving data from the source into the data lake\n\n2) prepares for the 200 sequence deletions by storing a full set of ids for each table that will have deletion sprocs executed in a later pipeline","activities":[{"name":"Deletion Table Lookup","description":"Queries the control table to identify all tables from the source which are active and will have deletions (sequence in the 200s) run on them in the Data Lake to Staging pipeline.","type":"Lookup","dependsOn":[],"policy":{"timeout":"0.12:00:00","retry":2,"retryIntervalInSeconds":30,"secureOutput":false,"secureInput":false},"userProperties":[],"typeProperties":{"source":{"type":"SqlPoolSource","sqlReaderQuery":"SELECT\n    [SourceName]\n   ,[SourceSchema]\n   ,[SourceTable]\n   ,[DestSchema]\n   ,[DestTable]\n   ,[SourceQuery]\n   ,[TransformSproc]\nFROM [etl].[ControlTable]\nWHERE [IsActive] = 1\n   AND [Sequence] BETWEEN 200 AND 299 --Deletions","queryTimeout":"02:00:00"},"dataset":{"referenceName":"ControlTable_dsp","type":"DatasetReference","parameters":{}},"firstRowOnly":false}},{"name":"Copy Primary Keys to Lake","description":"Copies a full list of ids for each source table with deletions enabled. Used in a later pipeline to compare with the corresponding psa table and perform deletions.","type":"ForEach","dependsOn":[{"activity":"Deletion Table Lookup","dependencyConditions":["Succeeded"]}],"userProperties":[],"typeProperties":{"items":{"value":"@activity('Deletion Table Lookup').output.value","type":"Expression"},"activities":[{"name":"Primary Keys to Lake","description":"Loads data from the source into the data lake.","type":"Copy","dependsOn":[],"policy":{"timeout":"0.12:00:00","retry":2,"retryIntervalInSeconds":30,"secureOutput":false,"secureInput":false},"userProperties":[],"typeProperties":{"source":{"type":"AzureSqlSource","sqlReaderQuery":{"value":"@item().SourceQuery","type":"Expression"},"queryTimeout":"02:00:00","partitionOption":"None"},"sink":{"type":"ParquetSink","storeSettings":{"type":"AzureBlobFSWriteSettings"},"formatSettings":{"type":"ParquetWriteSettings"}},"enableStaging":false},"inputs":[{"referenceName":"SourceDataset","type":"DatasetReference","parameters":{"Schema":{"value":"@item().SourceSchema","type":"Expression"},"TableName":{"value":"@item().SourceTable","type":"Expression"}}}],"outputs":[{"referenceName":"DataLakeParquetPrimaryKeys","type":"DatasetReference","parameters":{"ObjectName":{"value":"@item().SourceTable","type":"Expression"},"RunDate":{"value":"@formatDateTime(utcNow('G'), 'yyyy-MM-dd')","type":"Expression"},"FileName":{"value":"DeletionIds|@{item().SourceTable}|@{utcNow('yyyy-MM-dd')}","type":"Expression"}}}]},{"name":"Log Message - 3","description":"Logs Success or Failure Detail to mon.l_JobMessage Table.","type":"ExecutePipeline","dependsOn":[{"activity":"Primary Keys to Lake","dependencyConditions":["Completed"]}],"userProperties":[],"typeProperties":{"pipeline":{"referenceName":"Add Log Message","type":"PipelineReference"},"waitOnCompletion":true,"parameters":{"End":{"value":"@activity('Primary Keys to Lake').ExecutionEndTime","type":"Expression"},"ETLImportDate":{"value":"@convertTimeZone(utcNow(), 'UTC', 'Mountain Standard Time')","type":"Expression"},"JobName":{"value":"@pipeline().Pipeline","type":"Expression"},"Message":{"value":"@if(equals(activity('Primary Keys to Lake').ExecutionStatus,'Fail'),activity('Primary Keys to Lake').error.message, 'Success')","type":"Expression"},"RowCount":{"value":"@if(equals(activity('Primary Keys to Lake').ExecutionStatus,'Fail'),0,activity('Primary Keys to Lake').output.rowscopied)","type":"Expression"},"Source":{"value":"<enter source system here>","type":"Expression"},"Start":{"value":"@activity('Primary Keys to Lake').ExecutionStartTime","type":"Expression"},"StepName":{"value":"Primary Keys to Lake: @{item().SourceTable}","type":"Expression"},"Success":{"value":"@if(equals(activity('Primary Keys to Lake').ExecutionStatus,'Fail'),False, True)","type":"Expression"},"OnlyLogFailures":true}}}]}},{"name":"Source Delta Load Lookup","description":"Queries the control table to identify all tables from the source which are active and delta-enabled.\n\nSequences within the 100s are used to differentiate between staging loads into the lake (100) and loads into the data warehouse (101 through 199).","type":"Lookup","dependsOn":[{"activity":"Data Lake Staging Full Load","dependencyConditions":["Succeeded"]}],"policy":{"timeout":"0.12:00:00","retry":2,"retryIntervalInSeconds":30,"secureOutput":false,"secureInput":false},"userProperties":[],"typeProperties":{"source":{"type":"SqlPoolSource","sqlReaderQuery":"SELECT\n    [SourceName]\n   ,[SourceSchema]\n   ,[SourceTable]\n   ,[DestSchema]\n   ,[DestTable]\n   ,[SourceQuery]\n   ,[DeltaColumn]\n   ,[DeltaValue]\nFROM [etl].[ControlTable]\nWHERE [IsActive] = 1\n   AND [IsDelta] = 1\n   AND [Sequence] = 100 --Source to Data Lake","queryTimeout":"02:00:00"},"dataset":{"referenceName":"ControlTable_dsp","type":"DatasetReference","parameters":{}},"firstRowOnly":false}},{"name":"Data Lake Staging Delta Load","description":"Copies data from the source into the data lake for each table identified in the lookup activity.\n\nSource table, destination table, and SQL query data is stored in the control table and returned as part of the lookup.","type":"ForEach","dependsOn":[{"activity":"Source Delta Load Lookup","dependencyConditions":["Succeeded"]}],"userProperties":[],"typeProperties":{"items":{"value":"@activity('Source Delta Load Lookup').output.value","type":"Expression"},"activities":[{"name":"Delta Load Source to Data Lake","description":"Loads data from the source into the data lake.","type":"Copy","dependsOn":[],"policy":{"timeout":"0.12:00:00","retry":2,"retryIntervalInSeconds":30,"secureOutput":false,"secureInput":false},"userProperties":[],"typeProperties":{"source":{"type":"AzureSqlSource","sqlReaderQuery":{"value":"@{item().SourceQuery}\nWHERE @{item().DeltaColumn} >= @{item().DeltaValue}","type":"Expression"},"queryTimeout":"02:00:00","partitionOption":"None"},"sink":{"type":"ParquetSink","storeSettings":{"type":"AzureBlobFSWriteSettings"},"formatSettings":{"type":"ParquetWriteSettings"}},"enableStaging":false},"inputs":[{"referenceName":"SourceDataset","type":"DatasetReference","parameters":{"Schema":{"value":"@item().SourceSchema","type":"Expression"},"TableName":{"value":"@item().SourceTable","type":"Expression"}}}],"outputs":[{"referenceName":"DataLakeParquet","type":"DatasetReference","parameters":{"ObjectName":{"value":"@item().SourceTable","type":"Expression"},"RunDate":{"value":"@{utcNow('yyyy-MM-dd')}","type":"Expression"},"FileName":{"value":"@{item().SourceTable}","type":"Expression"}}}]},{"name":"Log Message - 2","description":"Logs Success or Failure Detail to mon.l_JobMessage Table.","type":"ExecutePipeline","dependsOn":[{"activity":"Delta Load Source to Data Lake","dependencyConditions":["Completed"]}],"userProperties":[],"typeProperties":{"pipeline":{"referenceName":"Add Log Message","type":"PipelineReference"},"waitOnCompletion":true,"parameters":{"End":{"value":"@activity('Delta Load Source to Data Lake').ExecutionEndTime","type":"Expression"},"ETLImportDate":{"value":"@convertTimeZone(utcNow(), 'UTC', 'Mountain Standard Time')","type":"Expression"},"JobName":{"value":"@pipeline().Pipeline","type":"Expression"},"Message":{"value":"@if(equals(activity('Delta Load Source to Data Lake').ExecutionStatus,'Fail'),activity('Delta Load Source to Data Lake').error.message, 'Success')","type":"Expression"},"RowCount":{"value":"@if(equals(activity('Delta Load Source to Data Lake').ExecutionStatus,'Fail'),0,activity('Delta Load Source to Data Lake').output.rowscopied)","type":"Expression"},"Source":{"value":"<enter source system here>","type":"Expression"},"Start":{"value":"@activity('Delta Load Source to Data Lake').ExecutionStartTime","type":"Expression"},"StepName":{"value":"Delta Load Source to Data Lake: @{item().SourceTable}","type":"Expression"},"Success":{"value":"@if(equals(activity('Delta Load Source to Data Lake').ExecutionStatus,'Fail'),False, True)","type":"Expression"},"OnlyLogFailures":false}}}]}},{"name":"Source Full Load Lookup","description":"Queries the control table to identify all tables from the source which are active and not delta-enabled. \n\nSequences within the 100s are used to differentiate between staging loads into the lake (100) and loads into the data warehouse (101 through 199).","type":"Lookup","dependsOn":[],"policy":{"timeout":"0.12:00:00","retry":2,"retryIntervalInSeconds":30,"secureOutput":false,"secureInput":false},"userProperties":[],"typeProperties":{"source":{"type":"SqlPoolSource","sqlReaderQuery":"SELECT\n    [SourceName]\n   ,[SourceSchema]\n   ,[SourceTable]\n   ,[DestSchema]\n   ,[DestTable]\n   ,[SourceQuery]\n   ,[DeltaColumn]\n   ,[DeltaValue]\nFROM [etl].[ControlTable]\nWHERE [IsActive] = 1\n   AND [IsDelta] = 0\n   AND [Sequence] = 100 --Source to Data Lake","queryTimeout":"02:00:00"},"dataset":{"referenceName":"ControlTable_dsp","type":"DatasetReference","parameters":{}},"firstRowOnly":false}},{"name":"Data Lake Staging Full Load","description":"Copies data from the source into the data lake for each table identified in the lookup activity.\n\nSource table, destination table, and SQL query data is stored in the control table and returned as part of the lookup.","type":"ForEach","dependsOn":[{"activity":"Source Full Load Lookup","dependencyConditions":["Succeeded"]}],"userProperties":[],"typeProperties":{"items":{"value":"@activity('Source Full Load Lookup').output.value","type":"Expression"},"activities":[{"name":"Full Load Source to Data Lake","description":"Loads data from the source into the data lake.","type":"Copy","dependsOn":[],"policy":{"timeout":"0.12:00:00","retry":2,"retryIntervalInSeconds":30,"secureOutput":false,"secureInput":false},"userProperties":[],"typeProperties":{"source":{"type":"AzureSqlSource","sqlReaderQuery":{"value":"@item().SourceQuery","type":"Expression"},"queryTimeout":"02:00:00","partitionOption":"None"},"sink":{"type":"ParquetSink","storeSettings":{"type":"AzureBlobFSWriteSettings"},"formatSettings":{"type":"ParquetWriteSettings"}},"enableStaging":false,"translator":{"type":"TabularTranslator","typeConversion":true,"typeConversionSettings":{"allowDataTruncation":true,"treatBooleanAsNumber":false}}},"inputs":[{"referenceName":"SourceDataset","type":"DatasetReference","parameters":{"Schema":{"value":"@item().SourceSchema","type":"Expression"},"TableName":{"value":"@item().SourceTable","type":"Expression"}}}],"outputs":[{"referenceName":"DataLakeParquet","type":"DatasetReference","parameters":{"ObjectName":{"value":"@item().SourceTable","type":"Expression"},"RunDate":"@{utcNow('yyyy-MM-dd')}","FileName":{"value":"@{item().SourceTable}","type":"Expression"}}}]},{"name":"Log Message - 1","description":"Logs Success or Failure Detail to mon.l_JobMessage Table.","type":"ExecutePipeline","dependsOn":[{"activity":"Full Load Source to Data Lake","dependencyConditions":["Completed"]}],"userProperties":[],"typeProperties":{"pipeline":{"referenceName":"Add Log Message","type":"PipelineReference"},"waitOnCompletion":true,"parameters":{"End":{"value":"@activity('Full Load Source to Data Lake').ExecutionEndTime","type":"Expression"},"ETLImportDate":{"value":"@convertTimeZone(utcNow(), 'UTC', 'Mountain Standard Time')","type":"Expression"},"JobName":{"value":"@pipeline().Pipeline","type":"Expression"},"Message":{"value":"@if(equals(activity('Full Load Source to Data Lake').ExecutionStatus,'Fail'),activity('Full Load Source to Data Lake').error.message, 'Success')","type":"Expression"},"RowCount":{"value":"@if(equals(activity('Full Load Source to Data Lake').ExecutionStatus,'Fail'),0,activity('Full Load Source to Data Lake').output.rowscopied)","type":"Expression"},"Source":{"value":"<enter source system here>","type":"Expression"},"Start":{"value":"@activity('Full Load Source to Data Lake').ExecutionStartTime","type":"Expression"},"StepName":{"value":"Full Load Source to Data Lake: @{item().SourceTable}","type":"Expression"},"Success":{"value":"@if(equals(activity('Full Load Source to Data Lake').ExecutionStatus,'Fail'),False, True)","type":"Expression"},"OnlyLogFailures":false}}}]}},{"name":"Log Checkpoint Message - 1","description":"Logs Checkpoint Message to the mon.l_JobMessage Table.","type":"ExecutePipeline","dependsOn":[{"activity":"Copy Primary Keys to Lake","dependencyConditions":["Completed"]}],"userProperties":[],"typeProperties":{"pipeline":{"referenceName":"Add Log Message","type":"PipelineReference"},"waitOnCompletion":true,"parameters":{"End":{"value":"@utcNow('G')","type":"Expression"},"ETLImportDate":{"value":"@convertTimeZone(utcNow(), 'UTC', 'Mountain Standard Time')","type":"Expression"},"JobName":{"value":"@pipeline().Pipeline","type":"Expression"},"Message":{"value":"Done Recording Full Set of Primary Keys to Lake","type":"Expression"},"RowCount":{"value":"0","type":"Expression"},"Source":{"value":"<enter source system here>","type":"Expression"},"Start":{"value":"@activity('Deletion Table Lookup').ExecutionEndTime","type":"Expression"},"StepName":{"value":"Full Set of Primary Keys to Lake","type":"Expression"},"Success":{"value":"True","type":"Expression"},"OnlyLogFailures":false}}},{"name":"Add Data Lake Load Checkpoint","description":"Logs Checkpoint Message to the mon.l_JobMessage Table.","type":"ExecutePipeline","dependsOn":[{"activity":"Data Lake Staging Delta Load","dependencyConditions":["Completed"]}],"userProperties":[],"typeProperties":{"pipeline":{"referenceName":"Add Log Message","type":"PipelineReference"},"waitOnCompletion":true,"parameters":{"End":{"value":"@utcNow('G')","type":"Expression"},"ETLImportDate":{"value":"@convertTimeZone(utcNow(), 'UTC', 'Mountain Standard Time')","type":"Expression"},"JobName":{"value":"@pipeline().Pipeline","type":"Expression"},"Message":{"value":"Done Loading Data to Data Lake","type":"Expression"},"RowCount":{"value":"0","type":"Expression"},"Source":{"value":"<enter source system here>","type":"Expression"},"Start":{"value":"@activity('Source Full Load Lookup').ExecutionEndTime","type":"Expression"},"StepName":{"value":"Data Loaded to Data Lake","type":"Expression"},"Success":{"value":"True","type":"Expression"},"OnlyLogFailures":false}}}],"policy":{"elapsedTimeMetric":{}},"folder":{"name":"Dedicated SQL Pool Pipeline Template"},"annotations":[],"lastPublishTime":"2023-03-24T19:46:34Z"},"dependsOn":["[concat(variables('workspaceId'), '/datasets/ControlTable_dsp')]","[concat(variables('workspaceId'), '/pipelines/Add Log Message')]","[concat(variables('workspaceId'), '/datasets/SourceDataset')]","[concat(variables('workspaceId'), '/datasets/DataLakeParquetPrimaryKeys')]","[concat(variables('workspaceId'), '/datasets/DataLakeParquet')]"]},{"name":"[concat(parameters('workspaceName'), '/1 Data Lake to Staging')]","type":"Microsoft.Synapse/workspaces/pipelines","apiVersion":"2019-06-01-preview","properties":{"description":"Consists of activities to 1) move full and delta loads from the data lake into the [stg] layer, 2) execute stored procedures that upsert data from the [stg] layer to the [psa] layer, 3) if applicable, execute stored procedures that perform deletions on the [psa] layer, 4) execute a parameterized stored procedure that updates the control table DeltaValue for any delta-enable [psa] tables, and 5) runs checksums against corresponding source and [psa] tables, storing the resultant values to [mon].[l_Checksums] for monitoring that the [psa] layer matches the source.","activities":[{"name":"Staging Sproc Loookup","description":"Queries the control table to identify staging tables that are active and have stored procedures to push records from stg to psa tables.","type":"Lookup","dependsOn":[{"activity":"Data Warehouse Staging Full Load","dependencyConditions":["Succeeded"]}],"policy":{"timeout":"0.12:00:00","retry":2,"retryIntervalInSeconds":30,"secureOutput":false,"secureInput":false},"userProperties":[],"typeProperties":{"source":{"type":"SqlPoolSource","sqlReaderQuery":"SELECT\n      [SourceName]\n     ,[SourceSchema]\n     ,[SourceTable]\n     ,[TransformSproc]\n     ,[Sequence]\nFROM [etl].[ControlTable]\nWHERE [IsActive] = 1\n     AND [TransformSproc] IS NOT NULL\n     AND [Sequence] BETWEEN 101 AND 199 --Excludes 100 (Source to Data Lake)","queryTimeout":"02:00:00"},"dataset":{"referenceName":"ControlTable_dsp","type":"DatasetReference","parameters":{}},"firstRowOnly":false}},{"name":"Deletion Sproc Lookup","description":"Queries the control table to identify staging tables that are active and experience deletions.\n\nMay need to be executed sequentially.","type":"Lookup","dependsOn":[{"activity":"Execute Staging Sprocs","dependencyConditions":["Succeeded"]}],"policy":{"timeout":"0.12:00:00","retry":2,"retryIntervalInSeconds":30,"secureOutput":false,"secureInput":false},"userProperties":[],"typeProperties":{"source":{"type":"SqlPoolSource","sqlReaderQuery":"SELECT\n     [SourceName]\n    ,[SourceSchema]\n    ,[SourceTable]\n    ,[SourceQuery]\n\t,[DestSchema]\n\t,[DestTable]\n    ,[TransformSproc]\n    ,[Sequence]\nFROM [etl].[ControlTable]\nWHERE [IsActive] = 1\n\tAND [Sequence] BETWEEN 200 AND 299 -- Deletions\nORDER BY [Sequence]","queryTimeout":"02:00:00"},"dataset":{"referenceName":"ControlTable_dsp","type":"DatasetReference","parameters":{}},"firstRowOnly":false}},{"name":"Execute Staging Sprocs","description":"Executes upsert procedures for each table identified in the lookup activity.\n\nSource table, destination table, query, and sproc data is stored in the control table and returned as part of the lookup.","type":"ForEach","dependsOn":[{"activity":"Staging Sproc Loookup","dependencyConditions":["Succeeded"]}],"userProperties":[],"typeProperties":{"items":{"value":"@activity('Staging Sproc Loookup').output.value","type":"Expression"},"activities":[{"name":"Execute Staging Sproc Dummy Wait","description":"A success path is required in order to properly execute an activity 'On Failure'.","type":"Wait","dependsOn":[{"activity":"Execute Staging Sproc","dependencyConditions":["Succeeded"]}],"userProperties":[],"typeProperties":{"waitTimeInSeconds":1}},{"name":"Execute Staging Sproc","type":"SqlServerStoredProcedure","dependsOn":[],"policy":{"timeout":"0.12:00:00","retry":2,"retryIntervalInSeconds":30,"secureOutput":false,"secureInput":false},"userProperties":[],"typeProperties":{"storedProcedureName":{"value":"@item().TransformSproc","type":"Expression"}},"linkedServiceName":{"referenceName":"[parameters('dwh')]","type":"LinkedServiceReference"}},{"name":"Add Log Message Staging Sproc","type":"ExecutePipeline","dependsOn":[{"activity":"Execute Staging Sproc","dependencyConditions":["Completed"]}],"userProperties":[],"typeProperties":{"pipeline":{"referenceName":"Add Log Message","type":"PipelineReference"},"waitOnCompletion":true,"parameters":{"End":{"value":"@activity('Execute Staging Sproc').ExecutionEndTime","type":"Expression"},"ETLImportDate":{"value":"@convertTimeZone(utcNow(), 'UTC', 'Mountain Standard Time')","type":"Expression"},"JobName":{"value":"@pipeline().Pipeline","type":"Expression"},"Message":{"value":"@if(equals(activity('Execute Staging Sproc').ExecutionStatus,'Fail'),activity('Execute Staging Sproc').error.message, 'Success')","type":"Expression"},"RowCount":{"value":"@if(equals(activity('Execute Staging Sproc').ExecutionStatus,'Fail'),0,activity('Execute Staging Sproc').output.rowscopied)","type":"Expression"},"Source":{"value":"<enter source system here>","type":"Expression"},"Start":{"value":"@activity('Execute Staging Sproc').ExecutionStartTime","type":"Expression"},"StepName":{"value":"Execute Staging Sproc: @{item().SourceTable}","type":"Expression"},"Success":{"value":"@if(equals(activity('Execute Staging Sproc').ExecutionStatus,'Fail'),False, True)","type":"Expression"},"OnlyLogFailures":true}}}]}},{"name":"Execute Deletion Sprocs","description":"Executes deletion procedures for each table identified in the lookup activity.\n\nSource table, destination table, query, and sproc data is stored in the control table and returned as part of the lookup.","type":"ForEach","dependsOn":[{"activity":"Deletion Sproc Lookup","dependencyConditions":["Succeeded"]}],"userProperties":[],"typeProperties":{"items":{"value":"@activity('Deletion Sproc Lookup').output.value","type":"Expression"},"activities":[{"name":"Execute Deletion Sproc Dummy Wait","description":"A success path is required in order to properly execute an activity 'On Failure'.","type":"Wait","dependsOn":[{"activity":"Execute Deletion Sproc","dependencyConditions":["Succeeded"]}],"userProperties":[],"typeProperties":{"waitTimeInSeconds":1}},{"name":"Execute Deletion Sproc","type":"SqlServerStoredProcedure","dependsOn":[],"policy":{"timeout":"0.12:00:00","retry":2,"retryIntervalInSeconds":30,"secureOutput":false,"secureInput":false},"userProperties":[],"typeProperties":{"storedProcedureName":{"value":"@item().TransformSproc","type":"Expression"}},"linkedServiceName":{"referenceName":"[parameters('dwh')]","type":"LinkedServiceReference"}},{"name":"Add Log Message Deletion Sproc","type":"ExecutePipeline","dependsOn":[{"activity":"Execute Deletion Sproc","dependencyConditions":["Completed"]}],"userProperties":[],"typeProperties":{"pipeline":{"referenceName":"Add Log Message","type":"PipelineReference"},"waitOnCompletion":true,"parameters":{"End":{"value":"@activity('Execute Deletion Sproc').ExecutionEndTime","type":"Expression"},"ETLImportDate":{"value":"@convertTimeZone(utcNow(), 'UTC', 'Mountain Standard Time')","type":"Expression"},"JobName":{"value":"@pipeline().Pipeline","type":"Expression"},"Message":{"value":"@if(equals(activity('Execute Deletion Sproc').ExecutionStatus,'Fail'),activity('Execute Deletion Sproc').error.message, 'Success')","type":"Expression"},"RowCount":{"value":"@if(equals(activity('Execute Deletion Sproc').ExecutionStatus,'Fail'),0,activity('Execute Deletion Sproc').output.rowscopied)","type":"Expression"},"Source":{"value":"<enter source system here>","type":"Expression"},"Start":{"value":"@activity('Execute Deletion Sproc').ExecutionStartTime","type":"Expression"},"StepName":{"value":"Execute Deletion Sproc: @{item().SourceTable}","type":"Expression"},"Success":{"value":"@if(equals(activity('Execute Deletion Sproc').ExecutionStatus,'Fail'),False, True)","type":"Expression"},"OnlyLogFailures":true}}}]}},{"name":"Update Delta Values","description":"Executes a parameterized stored procedure to update the DeltaValue for all tables identified in the lookup activity.","type":"ForEach","dependsOn":[{"activity":"Delta Table Lookup","dependencyConditions":["Succeeded"]}],"userProperties":[],"typeProperties":{"items":{"value":"@activity('Delta Table Lookup').output.value","type":"Expression"},"activities":[{"name":"Update Delta Value Dummy Wait","description":"A success path is required in order to properly execute an activity 'On Failure'.","type":"Wait","dependsOn":[{"activity":"Update Delta Value","dependencyConditions":["Succeeded"]}],"userProperties":[],"typeProperties":{"waitTimeInSeconds":1}},{"name":"Update Delta Value","type":"SqlServerStoredProcedure","dependsOn":[],"policy":{"timeout":"0.12:00:00","retry":2,"retryIntervalInSeconds":30,"secureOutput":false,"secureInput":false},"userProperties":[],"typeProperties":{"storedProcedureName":"[[etl].[upd_DeltaValue]","storedProcedureParameters":{"DeltaColumn":{"value":{"value":"@item().DeltaColumn","type":"Expression"},"type":"String"},"PSATable":{"value":{"value":"s_src_@{item().DestTable}","type":"Expression"},"type":"String"},"SourceTable":{"value":{"value":"@item().SourceTable","type":"Expression"},"type":"String"}}},"linkedServiceName":{"referenceName":"[parameters('dwh')]","type":"LinkedServiceReference"}},{"name":"Add Log Message Update Delta Value","type":"ExecutePipeline","dependsOn":[{"activity":"Update Delta Value","dependencyConditions":["Completed"]}],"userProperties":[],"typeProperties":{"pipeline":{"referenceName":"Add Log Message","type":"PipelineReference"},"waitOnCompletion":true,"parameters":{"End":{"value":"@activity('Update Delta Value').ExecutionEndTime","type":"Expression"},"ETLImportDate":{"value":"@convertTimeZone(utcNow(), 'UTC', 'Mountain Standard Time')","type":"Expression"},"JobName":{"value":"@pipeline().Pipeline","type":"Expression"},"Message":{"value":"@if(equals(activity('Update Delta Value').ExecutionStatus,'Fail'),activity('Update Delta Value').error.message, 'Success')","type":"Expression"},"RowCount":{"value":"@if(equals(activity('Update Delta Value').ExecutionStatus,'Fail'),0,activity('Update Delta Value').output.rowscopied)","type":"Expression"},"Source":{"value":"<enter source system here>","type":"Expression"},"Start":{"value":"@activity('Update Delta Value').ExecutionStartTime","type":"Expression"},"StepName":{"value":"Update Delta Value: @{item().SourceTable}","type":"Expression"},"Success":{"value":"@if(equals(activity('Update Delta Value').ExecutionStatus,'Fail'),False, True)","type":"Expression"},"OnlyLogFailures":true}}}]}},{"name":"Delta Table Lookup","description":"Queries the control table to identify all staging tables that are active and delta-enabled.\n","type":"Lookup","dependsOn":[{"activity":"Execute Deletion Sprocs","dependencyConditions":["Succeeded"]}],"policy":{"timeout":"0.12:00:00","retry":2,"retryIntervalInSeconds":30,"secureOutput":false,"secureInput":false},"userProperties":[],"typeProperties":{"source":{"type":"SqlPoolSource","sqlReaderQuery":"SELECT\n     [SourceName]\n    ,[SourceSchema]\n    ,[SourceTable]\n    ,[DestSchema]\n    ,[DestTable]\n    ,[SourceQuery]\n    ,[DeltaColumn]\n    ,[DeltaValue]\nFROM [etl].[ControlTable]\nWHERE [IsActive] = 1\n\t AND [IsDelta] = 1\n\t AND [Sequence] BETWEEN 100 AND 199 --Staging","queryTimeout":"02:00:00"},"dataset":{"referenceName":"ControlTable_dsp","type":"DatasetReference","parameters":{}},"firstRowOnly":false}},{"name":"Checksum Lookup","description":"Queries the control table to identify all active staging tables that have source and staging checksum queries.","type":"Lookup","dependsOn":[{"activity":"Update Delta Values","dependencyConditions":["Succeeded"]}],"policy":{"timeout":"0.12:00:00","retry":2,"retryIntervalInSeconds":30,"secureOutput":false,"secureInput":false},"userProperties":[],"typeProperties":{"source":{"type":"SqlPoolSource","sqlReaderQuery":"SELECT\n     [DestSchema]\n    ,[DestTable]\n    ,[SourceSchema]\n    ,[SourceTable]\n    ,[SourceChecksumQuery]\n    ,[DestChecksumQuery]\nFROM [etl].[ControlTable]\nWHERE [IsActive] = 1\n    AND [Sequence] = 100\n    AND [SourceChecksumQuery] IS NOT NULL\n    AND [DestChecksumQuery] IS NOT NULL\n","queryTimeout":"02:00:00"},"dataset":{"referenceName":"ControlTable_dsp","type":"DatasetReference","parameters":{}},"firstRowOnly":false}},{"name":"Run Checksums","description":"Executes checksum queries against the source and psa for all tables identified in the lookup activity and logs results to the job message table. \n\nSource table, destination table, and SQL query data is stored in the control table and returned as part of the lookup.","type":"ForEach","dependsOn":[{"activity":"Checksum Lookup","dependencyConditions":["Succeeded"]}],"userProperties":[],"typeProperties":{"items":{"value":"@activity('Checksum Lookup').output.value","type":"Expression"},"activities":[{"name":"PSA Checksums Dummy Wait","description":"A success path is required in order to properly execute an activity 'On Failure'.","type":"Wait","dependsOn":[{"activity":"PSA Checksums","dependencyConditions":["Succeeded"]}],"userProperties":[],"typeProperties":{"waitTimeInSeconds":1}},{"name":"PSA Checksums","description":"Retrieves checksum values from psa and writes them to [mon].[l_Checksums] ","type":"Copy","dependsOn":[],"policy":{"timeout":"0.12:00:00","retry":2,"retryIntervalInSeconds":30,"secureOutput":false,"secureInput":false},"userProperties":[],"typeProperties":{"source":{"type":"SqlPoolSource","sqlReaderQuery":{"value":"@item().DestChecksumQuery","type":"Expression"},"queryTimeout":"02:00:00"},"sink":{"type":"SqlPoolSink","writeBehavior":"Insert","sqlWriterUseTableLock":false},"enableStaging":false,"translator":{"type":"TabularTranslator","typeConversion":true,"typeConversionSettings":{"allowDataTruncation":true,"treatBooleanAsNumber":false}}},"inputs":[{"referenceName":"DataWarehouse_dsp","type":"DatasetReference","parameters":{"Schema":"psa","TableName":{"value":"@item().DestTable","type":"Expression"}}}],"outputs":[{"referenceName":"DataWarehouse_dsp","type":"DatasetReference","parameters":{"Schema":"mon","TableName":"l_Checksums"}}]},{"name":"Source Checksums Dummy Wait","description":"A success path is required in order to properly execute an activity 'On Failure'.","type":"Wait","dependsOn":[{"activity":"Source Checksums","dependencyConditions":["Succeeded"]}],"userProperties":[],"typeProperties":{"waitTimeInSeconds":1}},{"name":"Source Checksums","description":"Retrieves checksum values from the source and writes them to [mon].[l_Checksums] ","type":"Copy","dependsOn":[],"policy":{"timeout":"0.12:00:00","retry":2,"retryIntervalInSeconds":30,"secureOutput":false,"secureInput":false},"userProperties":[],"typeProperties":{"source":{"type":"SqlDWSource","sqlReaderQuery":{"value":"@item().SourceChecksumQuery","type":"Expression"},"queryTimeout":"02:00:00","partitionOption":"None"},"sink":{"type":"SqlPoolSink","writeBehavior":"Insert","sqlWriterUseTableLock":false},"enableStaging":false,"translator":{"type":"TabularTranslator","typeConversion":true,"typeConversionSettings":{"allowDataTruncation":true,"treatBooleanAsNumber":false}}},"inputs":[{"referenceName":"dwhserverless","type":"DatasetReference","parameters":{"DatabaseName":"jlgserverless"}}],"outputs":[{"referenceName":"DataWarehouse_dsp","type":"DatasetReference","parameters":{"Schema":"mon","TableName":"l_Checksums"}}]},{"name":"Add Log Message PSA Checksums","type":"ExecutePipeline","dependsOn":[{"activity":"PSA Checksums","dependencyConditions":["Completed"]}],"userProperties":[],"typeProperties":{"pipeline":{"referenceName":"Add Log Message","type":"PipelineReference"},"waitOnCompletion":true,"parameters":{"End":{"value":"@activity('PSA Checksums').ExecutionEndTime","type":"Expression"},"ETLImportDate":{"value":"@convertTimeZone(utcNow(), 'UTC', 'Mountain Standard Time')","type":"Expression"},"JobName":{"value":"@pipeline().Pipeline","type":"Expression"},"Message":{"value":"@if(equals(activity('PSA Checksums').ExecutionStatus,'Fail'),activity('PSA Checksums').error.message, 'Success')","type":"Expression"},"RowCount":{"value":"@if(equals(activity('PSA Checksums').ExecutionStatus,'Fail'),0,activity('PSA Checksums').output.rowscopied)","type":"Expression"},"Source":{"value":"<enter source system here>","type":"Expression"},"Start":{"value":"@activity('PSA Checksums').ExecutionStartTime","type":"Expression"},"StepName":{"value":"PSA Checksums: @{item().SourceTable}","type":"Expression"}}}},{"name":"Add Log Message Source Checksums","type":"ExecutePipeline","dependsOn":[{"activity":"Source Checksums","dependencyConditions":["Completed"]}],"userProperties":[],"typeProperties":{"pipeline":{"referenceName":"Add Log Message","type":"PipelineReference"},"waitOnCompletion":true,"parameters":{"End":{"value":"@activity('Source Checksums').ExecutionEndTime","type":"Expression"},"ETLImportDate":{"value":"@convertTimeZone(utcNow(), 'UTC', 'Mountain Standard Time')","type":"Expression"},"JobName":{"value":"@pipeline().Pipeline","type":"Expression"},"Message":{"value":"@if(equals(activity('Source Checksums').ExecutionStatus,'Fail'),activity('Source Checksums').error.message, 'Success')","type":"Expression"},"RowCount":{"value":"@if(equals(activity('Source Checksums').ExecutionStatus,'Fail'),0,activity('Source Checksums').output.rowscopied)","type":"Expression"},"Source":{"value":"<enter source system here>","type":"Expression"},"Start":{"value":"@activity('Source Checksums').ExecutionStartTime","type":"Expression"},"StepName":{"value":"Source Checksums: @{item().SourceTable}","type":"Expression"},"Success":{"value":"@if(equals(activity('Source Checksums').ExecutionStatus,'Fail'),False, True)","type":"Expression"},"OnlyLogFailures":true}}}]}},{"name":"Staging Lookup","description":"Queries the control table to identify all staging tables that are active and not delta-enabled.\n\nSequences within the 100s are used to differentiate between staging loads into the lake (100) and loads into the data warehouse (101 through 199).","type":"Lookup","dependsOn":[],"policy":{"timeout":"0.12:00:00","retry":2,"retryIntervalInSeconds":30,"secureOutput":false,"secureInput":false},"userProperties":[],"typeProperties":{"source":{"type":"SqlPoolSource","sqlReaderQuery":"SELECT\n     [SourceName]\n    ,[SourceSchema]\n    ,[SourceTable]\n    ,[DestSchema]\n    ,[DestTable]\n   , CASE \n\tWHEN [IsDelta] = 1 THEN [SourceQuery] + ' WHERE ' + [DeltaColumn] + ' >= ''' + ISNULL([DeltaValue],'1900-01-01') + '''' ELSE [SourceQuery] END AS [SourceQuery]\nFROM [etl].[ControlTable]\nWHERE [IsActive] = 1\n    AND [Sequence] BETWEEN 101 AND 199 --Data Lake to Staging\n\n\n\n","queryTimeout":"02:00:00"},"dataset":{"referenceName":"ControlTable_dsp","type":"DatasetReference","parameters":{}},"firstRowOnly":false}},{"name":"Data Warehouse Staging Full Load","description":"Copies data from the source into the data warehouse for each table identified in the lookup activity.\n\nSource table, destination table, and SQL query data is stored in the control table and returned as part of the lookup.","type":"ForEach","dependsOn":[{"activity":"Staging Lookup","dependencyConditions":["Succeeded"]}],"userProperties":[],"typeProperties":{"items":{"value":"@activity('Staging Lookup').output.value","type":"Expression"},"activities":[{"name":"Full Load Data Lake to Staging","description":"Truncates and loads data from the source into the data warehouse.","type":"Copy","dependsOn":[],"policy":{"timeout":"0.12:00:00","retry":2,"retryIntervalInSeconds":30,"secureOutput":false,"secureInput":false},"userProperties":[],"typeProperties":{"source":{"type":"SqlDWSource","sqlReaderQuery":{"value":"@item().SourceQuery","type":"Expression"},"queryTimeout":"02:00:00","partitionOption":"None"},"sink":{"type":"SqlPoolSink","preCopyScript":{"value":"TRUNCATE TABLE @{item().DestSchema}.@{item().DestTable}","type":"Expression"},"writeBehavior":"Insert","sqlWriterUseTableLock":false},"enableStaging":false},"inputs":[{"referenceName":"dwhserverless","type":"DatasetReference","parameters":{"DatabaseName":"DWHServerless"}}],"outputs":[{"referenceName":"DataWarehouse_dsp","type":"DatasetReference","parameters":{"Schema":{"value":"@item().DestSchema","type":"Expression"},"TableName":{"value":"@item().DestTable","type":"Expression"}}}]},{"name":"Add Log Message Staging Full Load","type":"ExecutePipeline","dependsOn":[{"activity":"Full Load Data Lake to Staging","dependencyConditions":["Completed"]}],"userProperties":[],"typeProperties":{"pipeline":{"referenceName":"Add Log Message","type":"PipelineReference"},"waitOnCompletion":true,"parameters":{"End":{"value":"@activity('Full Load Data Lake to Staging').ExecutionEndTime","type":"Expression"},"ETLImportDate":{"value":"@convertTimeZone(utcNow(), 'UTC', 'Mountain Standard Time')","type":"Expression"},"JobName":{"value":"@pipeline().Pipeline","type":"Expression"},"Message":{"value":"@if(equals(activity('Full Load Data Lake to Staging').ExecutionStatus,'Fail'),activity('Full Load Data Lake to Staging').error.message, 'Success')","type":"Expression"},"RowCount":{"value":"@if(equals(activity('Full Load Data Lake to Staging').ExecutionStatus,'Fail'),0,activity('Full Load Data Lake to Staging').output.rowscopied)","type":"Expression"},"Source":{"value":"<enter source system here>","type":"Expression"},"Start":{"value":"@activity('Full Load Data Lake to Staging').ExecutionStartTime","type":"Expression"},"StepName":{"value":"Full Load Data Lake to Staging: @{item().SourceTable}","type":"Expression"},"Success":{"value":"@if(equals(activity('Full Load Data Lake to Staging').ExecutionStatus,'Fail'),False, True)","type":"Expression"},"OnlyLogFailures":true}}}]}},{"name":"Add Full Load Data Checkpoint","description":"Logs Checkpoint Message to the mon.l_JobMessage Table.","type":"ExecutePipeline","dependsOn":[{"activity":"Run Checksums","dependencyConditions":["Completed"]}],"userProperties":[],"typeProperties":{"pipeline":{"referenceName":"Add Log Message","type":"PipelineReference"},"waitOnCompletion":true,"parameters":{"End":{"value":"@utcNow('G')","type":"Expression"},"ETLImportDate":{"value":"@convertTimeZone(utcNow(), 'UTC', 'Mountain Standard Time')","type":"Expression"},"JobName":{"value":"@pipeline().Pipeline","type":"Expression"},"Message":{"value":"Done Loading Full Load Data to Staging","type":"Expression"},"RowCount":{"value":"0","type":"Expression"},"Source":{"value":"<enter source system here>","type":"Expression"},"Start":{"value":"@activity('Staging Lookup').ExecutionEndTime","type":"Expression"},"StepName":{"value":"Data Loaded to Staging","type":"Expression"},"Success":{"value":"True","type":"Expression"},"OnlyLogFailures":false}}}],"policy":{"elapsedTimeMetric":{}},"variables":{"FilePath":{"type":"String"}},"folder":{"name":"Dedicated SQL Pool Pipeline Template"},"annotations":[],"lastPublishTime":"2023-03-24T19:46:32Z"},"dependsOn":["[concat(variables('workspaceId'), '/datasets/ControlTable_dsp')]","[concat(variables('workspaceId'), '/pipelines/Add Log Message')]","[concat(variables('workspaceId'), '/datasets/DataWarehouse_dsp')]","[concat(variables('workspaceId'), '/datasets/dwhserverless')]"]},{"name":"[concat(parameters('workspaceName'), '/ControlTable_dsp')]","type":"Microsoft.Synapse/workspaces/datasets","apiVersion":"2019-06-01-preview","properties":{"annotations":[],"type":"SqlPoolTable","schema":[{"name":"Id","type":"int","precision":10},{"name":"SourceName","type":"varchar"},{"name":"DestSchema","type":"varchar"},{"name":"DestTable","type":"varchar"},{"name":"SourceTable","type":"varchar"},{"name":"SourceQuery","type":"varchar"},{"name":"IsActive","type":"bit"},{"name":"IsDelta","type":"bit"},{"name":"DeltaColumn","type":"varchar"},{"name":"DeltaValue","type":"varchar"},{"name":"TransformSproc","type":"varchar"},{"name":"Sequence","type":"int","precision":10},{"name":"SourceCheckSumQuery","type":"varchar"},{"name":"DestCheckSumQuery","type":"varchar"},{"name":"Comment","type":"varchar"}],"typeProperties":{"schema":"etl","table":"ControlTable"},"sqlPool":{"referenceName":"bmidwh","type":"SqlPoolReference"}},"dependsOn":["[concat(variables('workspaceId'), '/sqlPools/bmidwh')]"]},{"name":"[concat(parameters('workspaceName'), '/Add Log Message')]","type":"Microsoft.Synapse/workspaces/pipelines","apiVersion":"2019-06-01-preview","properties":{"activities":[{"name":"Only Log Success When Asked","type":"IfCondition","dependsOn":[],"userProperties":[],"typeProperties":{"expression":{"value":"@or(equals(pipeline().parameters.Success,false),\nand(equals(pipeline().parameters.Success,true),\nequals(pipeline().parameters.OnlyLogFailures,false)\n)\n)","type":"Expression"},"ifTrueActivities":[{"name":"Log Message","type":"SqlServerStoredProcedure","dependsOn":[],"policy":{"timeout":"0.12:00:00","retry":0,"retryIntervalInSeconds":30,"secureOutput":false,"secureInput":false},"userProperties":[],"typeProperties":{"storedProcedureName":"[[mon].[ins_l_JobMessage]","storedProcedureParameters":{"End":{"value":{"value":"@pipeline().parameters.End","type":"Expression"},"type":"DateTime"},"ETLImportDate":{"value":{"value":"@pipeline().parameters.ETLImportDate","type":"Expression"},"type":"DateTime"},"JobName":{"value":{"value":"@pipeline().parameters.JobName","type":"Expression"},"type":"String"},"Message":{"value":{"value":"@pipeline().parameters.Message","type":"Expression"},"type":"String"},"RowCount":{"value":{"value":"@pipeline().parameters.RowCount","type":"Expression"},"type":"Int32"},"Source":{"value":{"value":"@pipeline().parameters.Source","type":"Expression"},"type":"String"},"Start":{"value":{"value":"@pipeline().parameters.Start","type":"Expression"},"type":"DateTime"},"StepName":{"value":{"value":"@pipeline().parameters.StepName","type":"Expression"},"type":"String"},"Success":{"value":{"value":"@pipeline().parameters.Success","type":"Expression"},"type":"Boolean"}}},"linkedServiceName":{"referenceName":"[parameters('dwh')]","type":"LinkedServiceReference"}}]}}],"policy":{"elapsedTimeMetric":{}},"parameters":{"End":{"type":"string"},"ETLImportDate":{"type":"string"},"JobName":{"type":"string"},"Message":{"type":"string"},"RowCount":{"type":"string"},"Source":{"type":"string"},"Start":{"type":"string"},"StepName":{"type":"string"},"Success":{"type":"string","defaultValue":"False"},"OnlyLogFailures":{"type":"bool","defaultValue":false}},"folder":{"name":"Dedicated SQL Pool Pipeline Template"},"annotations":[],"lastPublishTime":"2023-03-23T20:32:39Z"},"dependsOn":[]},{"name":"[concat(parameters('workspaceName'), '/bmidwh')]","type":"Microsoft.Synapse/workspaces/sqlPools","apiVersion":"2019-06-01-preview","properties":{"collation":"SQL_Latin1_General_CP1_CI_AS","maxSizeBytes":263882790666240,"annotations":[]},"dependsOn":[],"location":"westcentralus"},{"name":"[concat(parameters('workspaceName'), '/DataWarehouse_dsp')]","type":"Microsoft.Synapse/workspaces/datasets","apiVersion":"2019-06-01-preview","properties":{"parameters":{"Schema":{"type":"String"},"TableName":{"type":"String"}},"annotations":[],"type":"SqlPoolTable","schema":[],"typeProperties":{"schema":{"value":"@dataset().Schema","type":"Expression"},"table":{"value":"@dataset().TableName","type":"Expression"}},"sqlPool":{"referenceName":"bmidwh","type":"SqlPoolReference"}},"dependsOn":["[concat(variables('workspaceId'), '/sqlPools/bmidwh')]"]},{"name":"[concat(parameters('workspaceName'), '/SourceDataset')]","type":"Microsoft.Synapse/workspaces/datasets","apiVersion":"2019-06-01-preview","properties":{"linkedServiceName":{"referenceName":"[parameters('ClientSource')]","type":"LinkedServiceReference"},"parameters":{"Schema":{"type":"string"},"TableName":{"type":"string"}},"annotations":[],"type":"AzureSqlTable","schema":[],"typeProperties":{"schema":{"value":"@dataset().Schema","type":"Expression"},"table":{"value":"@dataset().TableName","type":"Expression"}}},"dependsOn":[]},{"name":"[concat(parameters('workspaceName'), '/DataLakeParquet')]","type":"Microsoft.Synapse/workspaces/datasets","apiVersion":"2019-06-01-preview","properties":{"linkedServiceName":{"referenceName":"[parameters('bmi-tmp-syn-prod-WorkspaceDefaultStorage')]","type":"LinkedServiceReference"},"parameters":{"ObjectName":{"type":"String"},"RunDate":{"type":"string"},"FileName":{"type":"string"}},"annotations":[],"type":"Parquet","typeProperties":{"location":{"type":"AzureBlobFSLocation","fileName":{"value":"@{dataset().FileName}","type":"Expression"},"folderPath":{"value":"SOURCESYSTEM/@{dataset().ObjectName}/@{dataset().RunDate}","type":"Expression"},"fileSystem":"datalake"},"compressionCodec":"snappy"},"schema":[]},"dependsOn":[]},{"name":"[concat(parameters('workspaceName'), '/DataLakeParquetPrimaryKeys')]","type":"Microsoft.Synapse/workspaces/datasets","apiVersion":"2019-06-01-preview","properties":{"linkedServiceName":{"referenceName":"[parameters('bmi-tmp-syn-prod-WorkspaceDefaultStorage')]","type":"LinkedServiceReference"},"parameters":{"ObjectName":{"type":"string"},"RunDate":{"type":"string"},"FileName":{"type":"string"}},"annotations":[],"type":"Parquet","typeProperties":{"location":{"type":"AzureBlobFSLocation","fileName":{"value":"PrimaryKeys|@{dataset().ObjectName}|@{dataset().RunDate}","type":"Expression"},"folderPath":{"value":"SOURCESYSTEM/@{dataset().ObjectName}/@{dataset().RunDate}/PrimaryKeys","type":"Expression"},"fileSystem":"datalake"},"compressionCodec":"snappy"},"schema":[]},"dependsOn":[]},{"name":"[concat(parameters('workspaceName'), '/dwhserverless')]","type":"Microsoft.Synapse/workspaces/datasets","apiVersion":"2019-06-01-preview","properties":{"linkedServiceName":{"referenceName":"[parameters('dwhserverless')]","type":"LinkedServiceReference"},"parameters":{"DatabaseName":{"type":"string","defaultValue":"DWHServerless"}},"annotations":[],"type":"AzureSqlDWTable","schema":[],"typeProperties":{}},"dependsOn":[]}]}