{"$schema":"http://schema.management.azure.com/schemas/2015-01-01/deploymentTemplate.json#","contentVersion":"1.0.0.0","parameters":{"workspaceName":{"type":"string","metadata":"Workspace name","defaultValue":"bmi-tmp-syn-prod"},"dwh":{"type":"string"},"ClientSource":{"type":"string"},"bmi-tmp-syn-prod-WorkspaceDefaultStorage":{"type":"string"}},"variables":{"workspaceId":"[concat('Microsoft.Synapse/workspaces/', parameters('workspaceName'))]"},"resources":[{"name":"[concat(parameters('workspaceName'), '/0 Source to Data Lake')]","type":"Microsoft.Synapse/workspaces/pipelines","apiVersion":"2019-06-01-preview","properties":{"description":"Contains two independent sets of activities:\n\n1) executes the 100 sequence staging, moving data from the source into the data lake\n\n2) prepares for the 200 sequence deletions by storing a full set of ids for each table that will have deletion sprocs executed in a later pipeline","activities":[{"name":"Deletion Table Lookup","description":"Queries the control table to identify all tables from the source which are active and will have deletions (sequence in the 200s) run on them in the Data Lake to Staging pipeline.","type":"Lookup","dependsOn":[],"policy":{"timeout":"0.12:00:00","retry":2,"retryIntervalInSeconds":30,"secureOutput":false,"secureInput":false},"userProperties":[],"typeProperties":{"source":{"type":"SqlPoolSource","sqlReaderQuery":"SELECT\n    [SourceName]\n   ,[SourceSchema]\n   ,[SourceTable]\n   ,[DestSchema]\n   ,[DestTable]\n   ,[SourceQuery]\n   ,[TransformSproc]\nFROM [etl].[ControlTable]\nWHERE [IsActive] = 1\n   AND [Sequence] BETWEEN 200 AND 299 --Deletions","queryTimeout":"02:00:00"},"dataset":{"referenceName":"ControlTable_dsp","type":"DatasetReference","parameters":{}},"firstRowOnly":false}},{"name":"Copy Primary Keys to Lake","description":"Copies a full list of ids for each source table with deletions enabled. Used in a later pipeline to compare with the corresponding psa table and perform deletions.","type":"ForEach","dependsOn":[{"activity":"Deletion Table Lookup","dependencyConditions":["Succeeded"]}],"userProperties":[],"typeProperties":{"items":{"value":"@activity('Deletion Table Lookup').output.value","type":"Expression"},"activities":[{"name":"Primary Keys to Lake","description":"Loads data from the source into the data lake.","type":"Copy","dependsOn":[],"policy":{"timeout":"0.12:00:00","retry":2,"retryIntervalInSeconds":30,"secureOutput":false,"secureInput":false},"userProperties":[],"typeProperties":{"source":{"type":"AzureSqlSource","sqlReaderQuery":{"value":"@item().SourceQuery","type":"Expression"},"queryTimeout":"02:00:00","partitionOption":"None"},"sink":{"type":"ParquetSink","storeSettings":{"type":"AzureBlobFSWriteSettings"},"formatSettings":{"type":"ParquetWriteSettings"}},"enableStaging":false},"inputs":[{"referenceName":"SourceDataset","type":"DatasetReference","parameters":{"Schema":{"value":"@item().SourceSchema","type":"Expression"},"TableName":{"value":"@item().SourceTable","type":"Expression"}}}],"outputs":[{"referenceName":"DataLakeParquetPrimaryKeys","type":"DatasetReference","parameters":{"ObjectName":{"value":"@item().SourceTable","type":"Expression"},"RunDate":{"value":"@formatDateTime(utcNow('G'), 'yyyy-MM-dd')","type":"Expression"},"FileName":{"value":"DeletionIds|@{item().SourceTable}|@{utcNow('yyyy-MM-dd')}","type":"Expression"}}}]},{"name":"Log Message - 3","description":"Logs Success or Failure Detail to mon.l_JobMessage Table.","type":"ExecutePipeline","dependsOn":[{"activity":"Primary Keys to Lake","dependencyConditions":["Completed"]}],"userProperties":[],"typeProperties":{"pipeline":{"referenceName":"Add Log Message","type":"PipelineReference"},"waitOnCompletion":true,"parameters":{"End":{"value":"@activity('Primary Keys to Lake').ExecutionEndTime","type":"Expression"},"ETLImportDate":{"value":"@convertTimeZone(utcNow(), 'UTC', 'Mountain Standard Time')","type":"Expression"},"JobName":{"value":"@pipeline().Pipeline","type":"Expression"},"Message":{"value":"@if(equals(activity('Primary Keys to Lake').ExecutionStatus,'Fail'),activity('Primary Keys to Lake').error.message, 'Success')","type":"Expression"},"RowCount":{"value":"@if(equals(activity('Primary Keys to Lake').ExecutionStatus,'Fail'),0,activity('Primary Keys to Lake').output.rowscopied)","type":"Expression"},"Source":{"value":"<enter source system here>","type":"Expression"},"Start":{"value":"@activity('Primary Keys to Lake').ExecutionStartTime","type":"Expression"},"StepName":{"value":"Primary Keys to Lake: @{item().SourceTable}","type":"Expression"},"Success":{"value":"@if(equals(activity('Primary Keys to Lake').ExecutionStatus,'Fail'),False, True)","type":"Expression"},"OnlyLogFailures":true}}}]}},{"name":"Source Delta Load Lookup","description":"Queries the control table to identify all tables from the source which are active and delta-enabled.\n\nSequences within the 100s are used to differentiate between staging loads into the lake (100) and loads into the data warehouse (101 through 199).","type":"Lookup","dependsOn":[{"activity":"Data Lake Staging Full Load","dependencyConditions":["Succeeded"]}],"policy":{"timeout":"0.12:00:00","retry":2,"retryIntervalInSeconds":30,"secureOutput":false,"secureInput":false},"userProperties":[],"typeProperties":{"source":{"type":"SqlPoolSource","sqlReaderQuery":"SELECT\n    [SourceName]\n   ,[SourceSchema]\n   ,[SourceTable]\n   ,[DestSchema]\n   ,[DestTable]\n   ,[SourceQuery]\n   ,[DeltaColumn]\n   ,[DeltaValue]\nFROM [etl].[ControlTable]\nWHERE [IsActive] = 1\n   AND [IsDelta] = 1\n   AND [Sequence] = 100 --Source to Data Lake","queryTimeout":"02:00:00"},"dataset":{"referenceName":"ControlTable_dsp","type":"DatasetReference","parameters":{}},"firstRowOnly":false}},{"name":"Data Lake Staging Delta Load","description":"Copies data from the source into the data lake for each table identified in the lookup activity.\n\nSource table, destination table, and SQL query data is stored in the control table and returned as part of the lookup.","type":"ForEach","dependsOn":[{"activity":"Source Delta Load Lookup","dependencyConditions":["Succeeded"]}],"userProperties":[],"typeProperties":{"items":{"value":"@activity('Source Delta Load Lookup').output.value","type":"Expression"},"activities":[{"name":"Delta Load Source to Data Lake","description":"Loads data from the source into the data lake.","type":"Copy","dependsOn":[],"policy":{"timeout":"0.12:00:00","retry":2,"retryIntervalInSeconds":30,"secureOutput":false,"secureInput":false},"userProperties":[],"typeProperties":{"source":{"type":"AzureSqlSource","sqlReaderQuery":{"value":"@{item().SourceQuery}\nWHERE @{item().DeltaColumn} >= @{item().DeltaValue}","type":"Expression"},"queryTimeout":"02:00:00","partitionOption":"None"},"sink":{"type":"ParquetSink","storeSettings":{"type":"AzureBlobFSWriteSettings"},"formatSettings":{"type":"ParquetWriteSettings"}},"enableStaging":false},"inputs":[{"referenceName":"SourceDataset","type":"DatasetReference","parameters":{"Schema":{"value":"@item().SourceSchema","type":"Expression"},"TableName":{"value":"@item().SourceTable","type":"Expression"}}}],"outputs":[{"referenceName":"DataLakeParquet","type":"DatasetReference","parameters":{"ObjectName":{"value":"@item().SourceTable","type":"Expression"},"RunDate":{"value":"@{utcNow('yyyy-MM-dd')}","type":"Expression"},"FileName":{"value":"@{item().SourceTable}","type":"Expression"}}}]},{"name":"Log Message - 2","description":"Logs Success or Failure Detail to mon.l_JobMessage Table.","type":"ExecutePipeline","dependsOn":[{"activity":"Delta Load Source to Data Lake","dependencyConditions":["Completed"]}],"userProperties":[],"typeProperties":{"pipeline":{"referenceName":"Add Log Message","type":"PipelineReference"},"waitOnCompletion":true,"parameters":{"End":{"value":"@activity('Delta Load Source to Data Lake').ExecutionEndTime","type":"Expression"},"ETLImportDate":{"value":"@convertTimeZone(utcNow(), 'UTC', 'Mountain Standard Time')","type":"Expression"},"JobName":{"value":"@pipeline().Pipeline","type":"Expression"},"Message":{"value":"@if(equals(activity('Delta Load Source to Data Lake').ExecutionStatus,'Fail'),activity('Delta Load Source to Data Lake').error.message, 'Success')","type":"Expression"},"RowCount":{"value":"@if(equals(activity('Delta Load Source to Data Lake').ExecutionStatus,'Fail'),0,activity('Delta Load Source to Data Lake').output.rowscopied)","type":"Expression"},"Source":{"value":"<enter source system here>","type":"Expression"},"Start":{"value":"@activity('Delta Load Source to Data Lake').ExecutionStartTime","type":"Expression"},"StepName":{"value":"Delta Load Source to Data Lake: @{item().SourceTable}","type":"Expression"},"Success":{"value":"@if(equals(activity('Delta Load Source to Data Lake').ExecutionStatus,'Fail'),False, True)","type":"Expression"},"OnlyLogFailures":false}}}]}},{"name":"Source Full Load Lookup","description":"Queries the control table to identify all tables from the source which are active and not delta-enabled. \n\nSequences within the 100s are used to differentiate between staging loads into the lake (100) and loads into the data warehouse (101 through 199).","type":"Lookup","dependsOn":[],"policy":{"timeout":"0.12:00:00","retry":2,"retryIntervalInSeconds":30,"secureOutput":false,"secureInput":false},"userProperties":[],"typeProperties":{"source":{"type":"SqlPoolSource","sqlReaderQuery":"SELECT\n    [SourceName]\n   ,[SourceSchema]\n   ,[SourceTable]\n   ,[DestSchema]\n   ,[DestTable]\n   ,[SourceQuery]\n   ,[DeltaColumn]\n   ,[DeltaValue]\nFROM [etl].[ControlTable]\nWHERE [IsActive] = 1\n   AND [IsDelta] = 0\n   AND [Sequence] = 100 --Source to Data Lake","queryTimeout":"02:00:00"},"dataset":{"referenceName":"ControlTable_dsp","type":"DatasetReference","parameters":{}},"firstRowOnly":false}},{"name":"Data Lake Staging Full Load","description":"Copies data from the source into the data lake for each table identified in the lookup activity.\n\nSource table, destination table, and SQL query data is stored in the control table and returned as part of the lookup.","type":"ForEach","dependsOn":[{"activity":"Source Full Load Lookup","dependencyConditions":["Succeeded"]}],"userProperties":[],"typeProperties":{"items":{"value":"@activity('Source Full Load Lookup').output.value","type":"Expression"},"activities":[{"name":"Full Load Source to Data Lake","description":"Loads data from the source into the data lake.","type":"Copy","dependsOn":[],"policy":{"timeout":"0.12:00:00","retry":2,"retryIntervalInSeconds":30,"secureOutput":false,"secureInput":false},"userProperties":[],"typeProperties":{"source":{"type":"AzureSqlSource","sqlReaderQuery":{"value":"@item().SourceQuery","type":"Expression"},"queryTimeout":"02:00:00","partitionOption":"None"},"sink":{"type":"ParquetSink","storeSettings":{"type":"AzureBlobFSWriteSettings"},"formatSettings":{"type":"ParquetWriteSettings"}},"enableStaging":false,"translator":{"type":"TabularTranslator","typeConversion":true,"typeConversionSettings":{"allowDataTruncation":true,"treatBooleanAsNumber":false}}},"inputs":[{"referenceName":"SourceDataset","type":"DatasetReference","parameters":{"Schema":{"value":"@item().SourceSchema","type":"Expression"},"TableName":{"value":"@item().SourceTable","type":"Expression"}}}],"outputs":[{"referenceName":"DataLakeParquet","type":"DatasetReference","parameters":{"ObjectName":{"value":"@item().SourceTable","type":"Expression"},"RunDate":"@{utcNow('yyyy-MM-dd')}","FileName":{"value":"@{item().SourceTable}","type":"Expression"}}}]},{"name":"Log Message - 1","description":"Logs Success or Failure Detail to mon.l_JobMessage Table.","type":"ExecutePipeline","dependsOn":[{"activity":"Full Load Source to Data Lake","dependencyConditions":["Completed"]}],"userProperties":[],"typeProperties":{"pipeline":{"referenceName":"Add Log Message","type":"PipelineReference"},"waitOnCompletion":true,"parameters":{"End":{"value":"@activity('Full Load Source to Data Lake').ExecutionEndTime","type":"Expression"},"ETLImportDate":{"value":"@convertTimeZone(utcNow(), 'UTC', 'Mountain Standard Time')","type":"Expression"},"JobName":{"value":"@pipeline().Pipeline","type":"Expression"},"Message":{"value":"@if(equals(activity('Full Load Source to Data Lake').ExecutionStatus,'Fail'),activity('Full Load Source to Data Lake').error.message, 'Success')","type":"Expression"},"RowCount":{"value":"@if(equals(activity('Full Load Source to Data Lake').ExecutionStatus,'Fail'),0,activity('Full Load Source to Data Lake').output.rowscopied)","type":"Expression"},"Source":{"value":"<enter source system here>","type":"Expression"},"Start":{"value":"@activity('Full Load Source to Data Lake').ExecutionStartTime","type":"Expression"},"StepName":{"value":"Full Load Source to Data Lake: @{item().SourceTable}","type":"Expression"},"Success":{"value":"@if(equals(activity('Full Load Source to Data Lake').ExecutionStatus,'Fail'),False, True)","type":"Expression"},"OnlyLogFailures":false}}}]}},{"name":"Log Checkpoint Message - 1","description":"Logs Checkpoint Message to the mon.l_JobMessage Table.","type":"ExecutePipeline","dependsOn":[{"activity":"Copy Primary Keys to Lake","dependencyConditions":["Completed"]}],"userProperties":[],"typeProperties":{"pipeline":{"referenceName":"Add Log Message","type":"PipelineReference"},"waitOnCompletion":true,"parameters":{"End":{"value":"@utcNow('G')","type":"Expression"},"ETLImportDate":{"value":"@convertTimeZone(utcNow(), 'UTC', 'Mountain Standard Time')","type":"Expression"},"JobName":{"value":"@pipeline().Pipeline","type":"Expression"},"Message":{"value":"Done Recording Full Set of Primary Keys to Lake","type":"Expression"},"RowCount":{"value":"0","type":"Expression"},"Source":{"value":"<enter source system here>","type":"Expression"},"Start":{"value":"@activity('Deletion Table Lookup').ExecutionEndTime","type":"Expression"},"StepName":{"value":"Full Set of Primary Keys to Lake","type":"Expression"},"Success":{"value":"True","type":"Expression"},"OnlyLogFailures":false}}},{"name":"Add Data Lake Load Checkpoint","description":"Logs Checkpoint Message to the mon.l_JobMessage Table.","type":"ExecutePipeline","dependsOn":[{"activity":"Data Lake Staging Delta Load","dependencyConditions":["Completed"]}],"userProperties":[],"typeProperties":{"pipeline":{"referenceName":"Add Log Message","type":"PipelineReference"},"waitOnCompletion":true,"parameters":{"End":{"value":"@utcNow('G')","type":"Expression"},"ETLImportDate":{"value":"@convertTimeZone(utcNow(), 'UTC', 'Mountain Standard Time')","type":"Expression"},"JobName":{"value":"@pipeline().Pipeline","type":"Expression"},"Message":{"value":"Done Loading Data to Data Lake","type":"Expression"},"RowCount":{"value":"0","type":"Expression"},"Source":{"value":"<enter source system here>","type":"Expression"},"Start":{"value":"@activity('Source Full Load Lookup').ExecutionEndTime","type":"Expression"},"StepName":{"value":"Data Loaded to Data Lake","type":"Expression"},"Success":{"value":"True","type":"Expression"},"OnlyLogFailures":false}}}],"policy":{"elapsedTimeMetric":{}},"folder":{"name":"Dedicated SQL Pool Pipeline Template"},"annotations":[],"lastPublishTime":"2023-03-24T19:46:34Z"},"dependsOn":["[concat(variables('workspaceId'), '/datasets/ControlTable_dsp')]","[concat(variables('workspaceId'), '/pipelines/Add Log Message')]","[concat(variables('workspaceId'), '/datasets/SourceDataset')]","[concat(variables('workspaceId'), '/datasets/DataLakeParquetPrimaryKeys')]","[concat(variables('workspaceId'), '/datasets/DataLakeParquet')]"]},{"name":"[concat(parameters('workspaceName'), '/ControlTable_dsp')]","type":"Microsoft.Synapse/workspaces/datasets","apiVersion":"2019-06-01-preview","properties":{"annotations":[],"type":"SqlPoolTable","schema":[{"name":"Id","type":"int","precision":10},{"name":"SourceName","type":"varchar"},{"name":"DestSchema","type":"varchar"},{"name":"DestTable","type":"varchar"},{"name":"SourceTable","type":"varchar"},{"name":"SourceQuery","type":"varchar"},{"name":"IsActive","type":"bit"},{"name":"IsDelta","type":"bit"},{"name":"DeltaColumn","type":"varchar"},{"name":"DeltaValue","type":"varchar"},{"name":"TransformSproc","type":"varchar"},{"name":"Sequence","type":"int","precision":10},{"name":"SourceCheckSumQuery","type":"varchar"},{"name":"DestCheckSumQuery","type":"varchar"},{"name":"Comment","type":"varchar"}],"typeProperties":{"schema":"etl","table":"ControlTable"},"sqlPool":{"referenceName":"bmidwh","type":"SqlPoolReference"}},"dependsOn":["[concat(variables('workspaceId'), '/sqlPools/bmidwh')]"]},{"name":"[concat(parameters('workspaceName'), '/Add Log Message')]","type":"Microsoft.Synapse/workspaces/pipelines","apiVersion":"2019-06-01-preview","properties":{"activities":[{"name":"Only Log Success When Asked","type":"IfCondition","dependsOn":[],"userProperties":[],"typeProperties":{"expression":{"value":"@or(equals(pipeline().parameters.Success,false),\nand(equals(pipeline().parameters.Success,true),\nequals(pipeline().parameters.OnlyLogFailures,false)\n)\n)","type":"Expression"},"ifTrueActivities":[{"name":"Log Message","type":"SqlServerStoredProcedure","dependsOn":[],"policy":{"timeout":"0.12:00:00","retry":0,"retryIntervalInSeconds":30,"secureOutput":false,"secureInput":false},"userProperties":[],"typeProperties":{"storedProcedureName":"[[mon].[ins_l_JobMessage]","storedProcedureParameters":{"End":{"value":{"value":"@pipeline().parameters.End","type":"Expression"},"type":"DateTime"},"ETLImportDate":{"value":{"value":"@pipeline().parameters.ETLImportDate","type":"Expression"},"type":"DateTime"},"JobName":{"value":{"value":"@pipeline().parameters.JobName","type":"Expression"},"type":"String"},"Message":{"value":{"value":"@pipeline().parameters.Message","type":"Expression"},"type":"String"},"RowCount":{"value":{"value":"@pipeline().parameters.RowCount","type":"Expression"},"type":"Int32"},"Source":{"value":{"value":"@pipeline().parameters.Source","type":"Expression"},"type":"String"},"Start":{"value":{"value":"@pipeline().parameters.Start","type":"Expression"},"type":"DateTime"},"StepName":{"value":{"value":"@pipeline().parameters.StepName","type":"Expression"},"type":"String"},"Success":{"value":{"value":"@pipeline().parameters.Success","type":"Expression"},"type":"Boolean"}}},"linkedServiceName":{"referenceName":"[parameters('dwh')]","type":"LinkedServiceReference"}}]}}],"policy":{"elapsedTimeMetric":{}},"parameters":{"End":{"type":"string"},"ETLImportDate":{"type":"string"},"JobName":{"type":"string"},"Message":{"type":"string"},"RowCount":{"type":"string"},"Source":{"type":"string"},"Start":{"type":"string"},"StepName":{"type":"string"},"Success":{"type":"string","defaultValue":"False"},"OnlyLogFailures":{"type":"bool","defaultValue":false}},"folder":{"name":"Dedicated SQL Pool Pipeline Template"},"annotations":[],"lastPublishTime":"2023-03-23T20:32:39Z"},"dependsOn":[]},{"name":"[concat(parameters('workspaceName'), '/bmidwh')]","type":"Microsoft.Synapse/workspaces/sqlPools","apiVersion":"2019-06-01-preview","properties":{"collation":"SQL_Latin1_General_CP1_CI_AS","maxSizeBytes":263882790666240,"annotations":[]},"dependsOn":[],"location":"westcentralus"},{"name":"[concat(parameters('workspaceName'), '/SourceDataset')]","type":"Microsoft.Synapse/workspaces/datasets","apiVersion":"2019-06-01-preview","properties":{"linkedServiceName":{"referenceName":"[parameters('ClientSource')]","type":"LinkedServiceReference"},"parameters":{"Schema":{"type":"string"},"TableName":{"type":"string"}},"annotations":[],"type":"AzureSqlTable","schema":[],"typeProperties":{"schema":{"value":"@dataset().Schema","type":"Expression"},"table":{"value":"@dataset().TableName","type":"Expression"}}},"dependsOn":[]},{"name":"[concat(parameters('workspaceName'), '/DataLakeParquetPrimaryKeys')]","type":"Microsoft.Synapse/workspaces/datasets","apiVersion":"2019-06-01-preview","properties":{"linkedServiceName":{"referenceName":"[parameters('bmi-tmp-syn-prod-WorkspaceDefaultStorage')]","type":"LinkedServiceReference"},"parameters":{"ObjectName":{"type":"string"},"RunDate":{"type":"string"},"FileName":{"type":"string"}},"annotations":[],"type":"Parquet","typeProperties":{"location":{"type":"AzureBlobFSLocation","fileName":{"value":"PrimaryKeys|@{dataset().ObjectName}|@{dataset().RunDate}","type":"Expression"},"folderPath":{"value":"SOURCESYSTEM/@{dataset().ObjectName}/@{dataset().RunDate}/PrimaryKeys","type":"Expression"},"fileSystem":"datalake"},"compressionCodec":"snappy"},"schema":[]},"dependsOn":[]},{"name":"[concat(parameters('workspaceName'), '/DataLakeParquet')]","type":"Microsoft.Synapse/workspaces/datasets","apiVersion":"2019-06-01-preview","properties":{"linkedServiceName":{"referenceName":"[parameters('bmi-tmp-syn-prod-WorkspaceDefaultStorage')]","type":"LinkedServiceReference"},"parameters":{"ObjectName":{"type":"String"},"RunDate":{"type":"string"},"FileName":{"type":"string"}},"annotations":[],"type":"Parquet","typeProperties":{"location":{"type":"AzureBlobFSLocation","fileName":{"value":"@{dataset().FileName}","type":"Expression"},"folderPath":{"value":"SOURCESYSTEM/@{dataset().ObjectName}/@{dataset().RunDate}","type":"Expression"},"fileSystem":"datalake"},"compressionCodec":"snappy"},"schema":[]},"dependsOn":[]}]}